Start_Date,End_Date,Campaign_Name,Campaign_ID,Campaign_Start_Date,Campaign_End_Date,Status,Product_ID,Product_Title,Listing_Format,Current_Price,Available_Stock,Listing_Start,Listing_End,Ad_Impressions_eBay,Total_Ad_Clicks,Units_Sold_with_Ads_Total,Units_Sold_Organic,Total_Units_Sold,Ad_Conversion_Rate,Ad_Attribution_Rate,Total_Revenue_with_Ads,Ad_Spend_excl_VAT,ROAS,Avg_Cost_Per_Sale,Ad_Clicks_eBay,Ad_Clicks_External,Units_Sold_Ads_eBay,Units_Sold_Ads_External,Ad_Revenue_eBay,Ad_Revenue_External,Ad_Spend_eBay_excl_VAT,Ad_Spend_External_excl_VAT,Ad_Conversion_Rate_eBay,Ad_Conversion_Rate_External,Organic_Clicks,Organic_Impressions,CTR,CPC,Revenue_Per_Click,Ad_Efficiency,Has_Revenue,Has_Sales,Organic_Ratio
19. Aug 2024,17. Sep 2025,Standard-Kampagne,12546691015,20. Okt 2021,,Beendet/Entfernt,284813387920,Überwurfmutter Verbindungsnippel 1/4 3/8 1/2 5/8 MESSING Bördel,Festpreis,4.9,416.0,13. Mai 2022,13. Aug 2025,91281.0,124.0,5.0,10.0,15.0,4.03,33.33,32.7,3.44,9.51,0.69,124.0,0.0,5.0,0.0,32.7,0.0,3.44,0.0,4.03,0.0,77.0,25901.0,0.1358442611277265,0.027741935483870966,0.26370967741935486,9.505813953488373,1,1,66.66666666666666
19. Aug 2024,17. Sep 2025,Dynamische Kampagne 19.03.2023 16:44:34,13622038015,19. Mär 2023,,Beendet/Entfernt,285787661516,WC-Sitz clivia stehend abnehmb. ES Scharn.m.Absenkautom.weiss VIGOUR,Festpreis,69.0,45.0,28. Mär 2024,14. Aug 2025,64329.0,184.0,3.0,1.0,4.0,1.63,75.0,207.0,21.66,9.56,7.22,167.0,17.0,2.0,1.0,138.0,69.0,13.59,8.07,1.2,5.88,64.0,20887.0,0.28602962893873685,0.11771739130434783,1.125,9.556786703601109,1,1,25.0
19. Aug 2024,17. Sep 2025,Standard-Kampagne,12546691015,20. Okt 2021,,Beendet/Entfernt,285685443820,Waschtisch-Röhrensiphon  TrinnityViega PLUS 1 1/4G 120mm Verstellrohr verchromt,Festpreis,19.5,41.0,04. Feb 2024,04. Aug 2025,20756.0,69.0,6.0,1.0,7.0,8.7,85.71,116.22,13.95,8.33,2.32,66.0,3.0,6.0,0.0,116.22,0.0,13.95,0.0,9.09,0.0,50.0,3738.0,0.3324339949894007,0.20217391304347826,1.6843478260869564,8.331182795698926,1,1,14.285714285714285
19. Aug 2024,17. Sep 2025,Standard-Kampagne,12546691015,20. Okt 2021,,Beendet/Entfernt,285768345558,Wandkonsole Halterung KLIMA Split Klimagerät Klimaanlage Tragkraft 100-150kg,Festpreis,34.5,207.0,16. Mär 2024,14. Aug 2025,109110.0,184.0,11.0,5.0,16.0,5.98,68.75,558.06,44.64,12.5,4.06,174.0,10.0,11.0,0.0,558.06,0.0,44.64,0.0,6.32,0.0,192.0,23455.0,0.1686371551645129,0.2426086956521739,3.032934782608695,12.501344086021504,1,1,31.25
19. Aug 2024,17. Sep 2025,Dynamische Kampagne 19.03.2023 16:44:34,13622038015,19. Mär 2023,,Beendet/Entfernt,286114698675,Value Bördelwerkzeug VET-19-Li,Festpreis,359.99,18.0,18. Okt 2024,14. Aug 2025,283.0,26.0,1.0,4.0,5.0,3.85,20.0,349.99,21.0,16.67,21.0,9.0,17.0,1.0,0.0,349.99,0.0,21.0,0.0,11.11,0.0,11.0,169.0,9.187279151943462,0.8076923076923077,13.461153846153847,16.666190476190476,1,1,80.0
19. Aug 2024,17. Sep 2025,Dynamische Kampagne 19.03.2023 16:44:34,13622038015,19. Mär 2023,,Beendet/Entfernt,285890869369,Univer. Füllventil (Unifill) Impuls380 für den Einbau in UP-Spülkästen 240705001,Festpreis,34.99,57.0,03. Jun 2024,03. Aug 2025,527875.0,1604.0,186.0,11.0,197.0,11.6,94.42,0.0,453.37,12.5,2.44,1596.0,8.0,186.0,0.0,0.0,0.0,453.37,0.0,11.65,0.0,624.0,176608.0,0.3038598152971821,0.2826496259351621,0.0,0.0,0,1,5.583756345177665
19. Aug 2024,17. Sep 2025,Dynamische Kampagne 19.03.2023 16:44:34,13622038015,19. Mär 2023,,Beendet/Entfernt,286228852497,Türrahmen Türring wie BOSCH 747527 ,Festpreis,22.5,33.0,23. Dez 2024,14. Aug 2025,2800.0,10.0,1.0,1.0,2.0,10.0,50.0,22.5,1.8,12.5,1.8,10.0,0.0,1.0,0.0,22.5,0.0,1.8,0.0,10.0,0.0,31.0,1639.0,0.35714285714285715,0.18,2.25,12.5,1,1,50.0
19. Aug 2024,17. Sep 2025,Dynamische Kampagne 19.03.2023 16:44:34,13622038015,19. Mär 2023,,Beendet/Entfernt,285674176940,Türmanschette Gummi Waschmaschine wie Samsung DC64-03197A,Festpreis,45.9,16.0,28. Jan 2024,14. Aug 2025,62455.0,149.0,8.0,2.0,10.0,5.37,80.0,339.68,40.76,8.33,5.09,141.0,8.0,6.0,2.0,254.76,84.92,30.57,10.19,4.26,25.0,70.0,18833.0,0.23857177167560645,0.27355704697986577,2.279731543624161,8.333660451422965,1,1,20.0
19. Aug 2024,17. Sep 2025,Standard-Kampagne,12546691015,20. Okt 2021,,Beendet/Entfernt,284577497710,Trommelrippe Mitnehmer Rippe VESTEL OK OWM SEG 42097400 Wäschemitnehmer,Festpreis,7.95,15.0,21. Dez 2021,14. Aug 2025,18426.0,33.0,3.0,7.0,10.0,9.09,30.0,23.85,2.17,10.99,0.72,22.0,11.0,3.0,0.0,23.85,0.0,2.17,0.0,13.64,0.0,15.0,4451.0,0.17909475740801042,0.06575757575757575,0.7227272727272728,10.990783410138249,1,1,70.0
19. Aug 2024,17. Sep 2025,Dynamische Kampagne 19.03.2023 16:44:34,13622038015,19. Mär 2023,,Beendet/Entfernt,286109750228,Solar Micro Inverter Wechselrichter 800W / 600W - Wifi drosselbar Balkonkraftwer,Festpreis,115.0,47.0,15. Okt 2024,14. Aug 2025,197795.0,272.0,1.0,2.0,3.0,0.37,33.33,159.9,17.59,9.09,17.59,269.0,3.0,1.0,0.0,159.9,0.0,17.59,0.0,0.37,0.0,128.0,64922.0,0.13751611516974643,0.06466911764705882,0.5878676470588236,9.09039226833428,1,1,66.66666666666666
19. Aug 2024,17. Sep 2025,Dynamische Kampagne 19.03.2023 16:44:34,13622038015,19. Mär 2023,,Beendet/Entfernt,285826859528,Silikon Sanitär CARE Bad Fugendicht Fliese Abdichten 310ml UV-beständig,Festpreis,11.99,353.0,23. Apr 2024,14. Aug 2025,165359.0,69.0,17.0,21.0,38.0,24.64,44.74,193.6,15.5,12.49,0.91,50.0,19.0,16.0,1.0,178.4,15.2,14.28,1.22,32.0,5.26,52.0,7407.0,0.04172739312647029,0.2246376811594203,2.8057971014492753,12.490322580645161,1,1,55.26315789473685
19. Aug 2024,17. Sep 2025,Dynamische Kampagne 19.03.2023 16:44:34,13622038015,19. Mär 2023,,Beendet/Entfernt,285787726984,Schnellentlüfter mit automatischem Absperrventil 3/8 1/2 Entlüfter Heizung,Festpreis,11.85,338.0,28. Mär 2024,14. Aug 2025,679912.0,1964.0,261.0,93.0,354.0,13.29,73.73,0.0,244.97,12.5,0.94,1960.0,4.0,261.0,0.0,0.0,0.0,244.97,0.0,13.32,0.0,1161.0,382443.0,0.28886091141206505,0.12473014256619144,0.0,0.0,0,1,26.27118644067797
19. Aug 2024,17. Sep 2025,Standard-Kampagne,12546691015,20. Okt 2021,,Beendet/Entfernt,285425441424,"Saugventilator, Axiallüfter mit Schutzgitter saugend 350mm",Festpreis,95.0,15.0,11. Aug 2023,11. Aug 2025,64247.0,429.0,15.0,8.0,23.0,3.5,65.22,0.0,125.85,11.11,8.39,332.0,97.0,12.0,3.0,0.0,285.0,100.2,25.65,3.61,3.09,195.0,26567.0,0.6677354584649866,0.29335664335664335,0.0,0.0,0,1,34.78260869565217
19. Aug 2024,17. Sep 2025,Dynamische Kampagne 19.03.2023 16:44:34,13622038015,19. Mär 2023,,Beendet/Entfernt,285674385332,"Saugschlauch Pumpensumpf Ablaufbalg Bosch 00659871 Neff,Balay,Constructa Gaggena",Festpreis,18.9,3.0,28. Jan 2024,14. Aug 2025,9602.0,15.0,0.0,2.0,2.0,0.0,0.0,0.0,0.0,0.0,0.0,8.0,7.0,0.0,0.0,0.0,0.0,0.0,0.0,0.0,0.0,10.0,1618.0,0.15621745469693815,0.0,0.0,0.0,0,1,100.0
19. Aug 2024,17. Sep 2025,Dynamische Kampagne 19.03.2023 16:44:34,13622038015,19. Mär 2023,,Beendet/Entfernt,285919682456,Regler DRC DCB31 1 Fühler 33x77 mm,Festpreis,39.99,31.0,20. Jun 2024,14. Aug 2025,9024.0,32.0,6.0,13.0,19.0,18.75,31.58,251.09,25.41,9.88,4.24,29.0,3.0,6.0,0.0,251.09,0.0,25.41,0.0,20.69,0.0,52.0,2658.0,0.3546099290780142,0.7940625,7.8465625,9.881542699724518,1,1,68.42105263157895
19. Aug 2024,17. Sep 2025,Standard-Kampagne,12546691015,20. Okt 2021,,Beendet/Entfernt,284929888980,"Lüftermotor, Universal Kondensator Ventilatormotor Kältetechnik ab 5Watt 230V",Festpreis,9.8,466.0,12. Aug 2022,12. Aug 2025,98976.0,798.0,71.0,79.0,150.0,8.9,47.33,0.0,170.7,12.5,2.4,755.0,43.0,70.0,1.0,0.0,33.2,168.04,2.66,9.27,2.33,542.0,43077.0,0.8062560620756547,0.21390977443609022,0.0,0.0,0,1,52.666666666666664
19. Aug 2024,17. Sep 2025,Standard-Kampagne,12546691015,20. Okt 2021,,Beendet/Entfernt,284495187367,"Lüftermotor, Universal Kondensator Ventilator Motor Kältetechnik ab 5Watt 230V",Festpreis,20.0,240.0,21. Okt 2021,14. Aug 2025,150819.0,697.0,54.0,40.0,94.0,7.75,57.45,0.0,168.59,10.0,3.12,641.0,56.0,53.0,1.0,0.0,35.5,165.04,3.55,8.27,1.79,477.0,49714.0,0.4621433638997739,0.24187948350071736,0.0,0.0,0,1,42.5531914893617
19. Aug 2024,17. Sep 2025,Dynamische Kampagne 19.03.2023 16:44:34,13622038015,19. Mär 2023,,Beendet/Entfernt,285327948688,Laugenpumpe Waschmaschine wie 00145787 Siemens Bosch Profilo,Festpreis,15.49,15.0,12. Jun 2023,12. Aug 2025,21234.0,35.0,1.0,8.0,9.0,2.86,11.11,15.49,1.08,14.34,1.08,34.0,1.0,1.0,0.0,15.49,0.0,1.08,0.0,2.94,0.0,46.0,14895.0,0.1648299896392578,0.03085714285714286,0.44257142857142856,14.342592592592592,1,1,88.88888888888889
19. Aug 2024,17. Sep 2025,Standard-Kampagne,12546691015,20. Okt 2021,,Beendet/Entfernt,285264398790,Kältemittelleitung Kupferrohr 1/4-3/8-1/2-5/8-3/4-7/8 Überwurfmutter,Festpreis,13.99,1207.0,02. Mai 2023,02. Aug 2025,204752.0,392.0,20.0,22.0,42.0,5.1,47.62,0.0,81.73,20.0,4.09,387.0,5.0,20.0,0.0,0.0,0.0,81.73,0.0,5.17,0.0,579.0,99369.0,0.19145112135656794,0.2084948979591837,0.0,0.0,0,1,52.38095238095239
19. Aug 2024,17. Sep 2025,Dynamische Kampagne 19.03.2023 16:44:34,13622038015,19. Mär 2023,,Beendet/Entfernt,286255918463,"Kältemittelflasche, Recyclingflasche, Leerflasche 12,5L mit Doppelventil 1/4 SAE",Festpreis,109.99,92.0,09. Jan 2025,09. Aug 2025,7564.0,26.0,7.0,7.0,14.0,26.92,50.0,679.93,68.0,10.0,9.71,11.0,15.0,7.0,0.0,679.93,0.0,68.0,0.0,63.64,0.0,36.0,1211.0,0.3437334743521946,2.6153846153846154,26.151153846153843,9.998970588235293,1,1,50.0
19. Aug 2024,17. Sep 2025,Dynamische Kampagne 19.03.2023 16:44:34,13622038015,19. Mär 2023,,Beendet/Entfernt,285342396973,Kältemittel NEVADA R600a Isobutan R600a 420g 750 ML optional Ventil,Festpreis,14.9,65.0,21. Jun 2023,14. Aug 2025,257936.0,959.0,61.0,18.0,79.0,6.36,77.22,0.0,118.0,14.3,1.93,880.0,79.0,57.0,4.0,0.0,87.12,111.91,6.09,6.48,5.06,524.0,106038.0,0.37179765523230573,0.12304483837330553,0.0,0.0,0,1,22.78481012658228
19. Aug 2024,17. Sep 2025,Standard-Kampagne,12546691015,20. Okt 2021,,Beendet/Entfernt,284365515572,Kupfer Lötfitting T-Stück 6-9-12-15-19-22 mm Löt Fitting ,Festpreis,1.35,542.0,09. Jul 2021,09. Aug 2025,98412.0,174.0,97.0,58.0,155.0,55.75,62.58,198.53,13.86,14.32,0.14,172.0,2.0,97.0,0.0,198.53,0.0,13.86,0.0,56.4,0.0,246.0,62155.0,0.17680770637727106,0.0796551724137931,1.1409770114942528,14.323953823953824,1,1,37.41935483870968
19. Aug 2024,17. Sep 2025,Standard-Kampagne,12546691015,20. Okt 2021,,Beendet/Entfernt,284365489629,Kupfer Lötfitting Bogen/Winkel 90° Grad i/i 12-15-19 mm Löt Fitting ,Festpreis,1.0,25.0,09. Jul 2021,09. Aug 2025,8034.0,11.0,2.0,9.0,11.0,18.18,18.18,5.45,0.57,9.56,0.28,10.0,1.0,2.0,0.0,5.45,0.0,0.57,0.0,20.0,0.0,20.0,7890.0,0.13691809808314662,0.05181818181818181,0.4954545454545455,9.561403508771932,1,1,81.81818181818183
19. Aug 2024,17. Sep 2025,Dynamische Kampagne 19.03.2023 16:44:34,13622038015,19. Mär 2023,,Beendet/Entfernt,286113504317,Kondensatpumpe Refco Combi,Festpreis,134.99,44.0,17. Okt 2024,14. Aug 2025,11502.0,60.0,0.0,6.0,6.0,0.0,0.0,0.0,0.0,0.0,0.0,44.0,16.0,0.0,0.0,0.0,0.0,0.0,0.0,0.0,0.0,48.0,2259.0,0.5216484089723527,0.0,0.0,0.0,0,1,100.0
19. Aug 2024,17. Sep 2025,Standard-Kampagne,12546691015,20. Okt 2021,,Beendet/Entfernt,284941888008,Kondensator Anlaufkondensator Motorkondensator 400-450 V µF MF uF,Festpreis,9.9,328.0,23. Aug 2022,14. Aug 2025,1237614.0,3986.0,202.0,51.0,253.0,5.07,79.84,0.0,238.44,9.01,1.18,3680.0,306.0,195.0,7.0,0.0,74.9,230.13,8.31,5.3,2.29,1702.0,282794.0,0.3220713404987338,0.05981936778725539,0.0,0.0,0,1,20.158102766798418
19. Aug 2024,17. Sep 2025,Dynamische Kampagne 19.03.2023 16:44:34,13622038015,19. Mär 2023,,Beendet/Entfernt,285360647609,Klimaanlagenreiniger Klima Reiniger 6000ml Klima Fresh,Festpreis,45.0,88.0,02. Jul 2023,02. Aug 2025,3512.0,36.0,3.0,9.0,12.0,8.33,25.0,130.5,9.14,14.28,3.05,12.0,24.0,2.0,1.0,90.0,40.5,6.3,2.84,16.67,4.17,21.0,1426.0,1.0250569476082005,0.2538888888888889,3.625,14.277899343544856,1,1,75.0
19. Aug 2024,17. Sep 2025,Dynamische Kampagne 19.03.2023 16:44:34,13622038015,19. Mär 2023,,Beendet/Entfernt,285360646101,Klimaanlagenreiniger Klima Reiniger 1000ml Klima Fresh,Festpreis,14.5,105.0,02. Jul 2023,02. Aug 2025,12727.0,46.0,4.0,8.0,12.0,8.7,33.33,72.0,5.06,14.23,1.26,19.0,27.0,3.0,1.0,50.5,21.5,3.55,1.51,15.79,3.7,29.0,2247.0,0.3614363164924963,0.10999999999999999,1.565217391304348,14.229249011857709,1,1,66.66666666666666
19. Aug 2024,17. Sep 2025,Dynamische Kampagne 19.03.2023 16:44:34,13622038015,19. Mär 2023,,Beendet/Entfernt,284943689613,Klimaanlage Kältemittel 1 x Schlauch kfz Füllschlauch+Adapter R134A,Festpreis,11.99,12.0,25. Aug 2022,14. Aug 2025,50521.0,273.0,5.0,8.0,13.0,1.83,38.46,70.65,6.36,11.11,1.27,185.0,88.0,3.0,2.0,46.67,23.98,4.2,2.16,1.62,2.27,225.0,29416.0,0.5403693513588409,0.0232967032967033,0.2587912087912088,11.108490566037736,1,1,61.53846153846154
19. Aug 2024,17. Sep 2025,Standard-Kampagne,12546691015,20. Okt 2021,,Beendet/Entfernt,285768654487,Kautschuk-Klebeband 50 mm x 3 mm K-FLEX schwarz 10 m-Rolle selbstklebend,Festpreis,12.5,282.0,16. Mär 2024,14. Aug 2025,522159.0,1086.0,203.0,36.0,239.0,18.69,84.94,0.0,279.04,12.5,1.37,1082.0,4.0,202.0,1.0,0.0,11.5,278.12,0.92,18.67,25.0,636.0,179748.0,0.2079826259817412,0.2569429097605893,0.0,0.0,0,1,15.062761506276152
19. Aug 2024,17. Sep 2025,Standard-Kampagne,12546691015,20. Okt 2021,,Beendet/Entfernt,284918618977,"Hepa Filter Bosch BSG81466/09 BSG 81466/14 Ergomaxx BBZ151HF Siemens BSG8, VS08G",Festpreis,8.99,4.0,02. Aug 2022,02. Aug 2025,25492.0,71.0,9.0,3.0,12.0,12.68,75.0,80.91,9.99,8.1,1.11,69.0,2.0,9.0,0.0,80.91,0.0,9.99,0.0,13.04,0.0,39.0,4926.0,0.27851875098069984,0.1407042253521127,1.1395774647887325,8.0990990990991,1,1,25.0
19. Aug 2024,17. Sep 2025,Dynamische Kampagne 19.03.2023 16:44:34,13622038015,19. Mär 2023,,Beendet/Entfernt,286002521194,GTB 600/800W Wechselrichter Microinverter WIFI App Steuerung/Anschlusskabel,Festpreis,105.0,37.0,09. Aug 2024,09. Aug 2025,890621.0,1189.0,40.0,20.0,60.0,3.36,66.67,0.0,444.0,9.09,11.1,1115.0,74.0,38.0,2.0,0.0,210.0,420.9,23.1,3.41,2.7,660.0,141172.0,0.13350235397548452,0.37342304457527337,0.0,0.0,0,1,33.33333333333333
19. Aug 2024,17. Sep 2025,Dynamische Kampagne 19.03.2023 16:44:34,13622038015,19. Mär 2023,,Beendet/Entfernt,285787690398,Geberit CleanLine 20 Duschrinne incl. Rohbauset Edelstahl Duschrinne,Festpreis,460.0,1.0,28. Mär 2024,14. Aug 2025,29838.0,88.0,0.0,1.0,1.0,0.0,0.0,0.0,0.0,0.0,0.0,83.0,5.0,0.0,0.0,0.0,0.0,0.0,0.0,0.0,0.0,31.0,6387.0,0.2949259333735505,0.0,0.0,0.0,0,1,100.0
19. Aug 2024,17. Sep 2025,Standard-Kampagne,12546691015,20. Okt 2021,,Beendet/Entfernt,285008404580,"Filter Set Hepafilter + Motorschutzfilter geeignet für Bosch, BGL35MON13/01",Festpreis,14.9,15.0,20. Okt 2022,14. Aug 2025,18148.0,65.0,9.0,3.0,12.0,13.85,75.0,132.61,14.6,9.08,1.62,64.0,1.0,9.0,0.0,132.61,0.0,14.6,0.0,14.06,0.0,28.0,3016.0,0.35816618911174786,0.2246153846153846,2.040153846153846,9.082876712328769,1,1,25.0
19. Aug 2024,17. Sep 2025,Standard-Kampagne,12546691015,20. Okt 2021,,Beendet/Entfernt,285677092122,Edelstahl Flexschlauch 1/2  3/4  1 Panzerschlauch Sanitär Hauswasserwerk,Festpreis,13.35,303.0,30. Jan 2024,30. Jul 2025,244625.0,400.0,10.0,10.0,20.0,2.5,50.0,211.07,8.44,25.01,0.84,400.0,0.0,10.0,0.0,211.07,0.0,8.44,0.0,2.5,0.0,387.0,44414.0,0.16351558507920286,0.021099999999999997,0.527675,25.00829383886256,1,1,50.0
19. Aug 2024,17. Sep 2025,Dynamische Kampagne 19.03.2023 16:44:34,13622038015,19. Mär 2023,,Beendet/Entfernt,285939537400,"EBM Papst Lüfter Typ 4650 N 220 Volt, 18 Watt Zapfanlage",Festpreis,25.99,27.0,03. Jul 2024,03. Aug 2025,26431.0,117.0,88.0,40.0,128.0,75.21,68.75,0.0,198.92,11.11,2.26,105.0,12.0,88.0,0.0,0.0,0.0,198.92,0.0,83.81,0.0,86.0,7057.0,0.4426620256516968,1.7001709401709402,0.0,0.0,0,1,31.25
19. Aug 2024,17. Sep 2025,Standard-Kampagne,12546691015,20. Okt 2021,,Beendet/Entfernt,284829012003,Bördel Überwurfmutter Klimaanlage Verbindungsnippel Reduzierung 1/4 3/8 1/2 5/8,Festpreis,1.24,706.0,25. Mai 2022,14. Aug 2025,26284.0,350.0,29.0,64.0,93.0,8.29,31.18,185.08,20.37,9.09,0.7,343.0,7.0,29.0,0.0,185.08,0.0,20.37,0.0,8.45,0.0,295.0,24339.0,1.3316085831684674,0.0582,0.5288,9.085910652920962,1,1,68.81720430107528
19. Aug 2024,17. Sep 2025,Dynamische Kampagne 19.03.2023 16:44:34,13622038015,19. Mär 2023,,Beendet/Entfernt,286025549087,Bosch Siemens Neff Constructa Sensor für Flowmeter Reed-Kontakt 00611317,Festpreis,16.5,23.0,23. Aug 2024,14. Aug 2025,84085.0,558.0,27.0,4.0,31.0,4.84,87.1,445.5,35.64,12.5,1.32,422.0,136.0,20.0,7.0,330.0,115.5,26.4,9.24,4.74,5.15,233.0,41937.0,0.6636141999167509,0.06387096774193549,0.7983870967741935,12.5,1,1,12.903225806451612
19. Aug 2024,17. Sep 2025,Standard-Kampagne,12546691015,20. Okt 2021,,Beendet/Entfernt,284797454487,Beko Arcelik Hoover Ersatz 2x Stoßdämpfer der Waschmaschine-2803250100,Festpreis,12.99,78.0,03. Mai 2022,03. Aug 2025,30702.0,75.0,0.0,2.0,2.0,0.0,0.0,0.0,0.0,0.0,0.0,75.0,0.0,0.0,0.0,0.0,0.0,0.0,0.0,0.0,0.0,34.0,9113.0,0.24428376001563415,0.0,0.0,0.0,0,1,100.0
19. Aug 2024,17. Sep 2025,Dynamische Kampagne 19.03.2023 16:44:34,13622038015,19. Mär 2023,,Beendet/Entfernt,285825224967,Anker SOLIX MI80 (BLE) Mikro-Wechselrichter - 600W / 800W,Festpreis,199.0,2.0,22. Apr 2024,14. Aug 2025,298701.0,524.0,3.0,3.0,6.0,0.57,50.0,671.7,47.01,14.29,15.67,372.0,152.0,1.0,2.0,223.9,447.8,15.67,31.34,0.27,1.32,314.0,52197.0,0.17542626238278414,0.08971374045801526,1.2818702290076336,14.288449266113595,1,1,50.0
19. Aug 2024,17. Sep 2025,Standard-Kampagne,12546691015,20. Okt 2021,,Beendet/Entfernt,285688125495,Alpex F50 Rohr vorgedämmt 9mm + 13mm im Rohrbund 16x2 20x2 26x3 32x3mm isoliert,Festpreis,178.0,38.0,06. Feb 2024,06. Aug 2025,93509.0,293.0,8.0,5.0,13.0,2.73,61.54,0.0,46.29,33.33,5.79,252.0,41.0,8.0,0.0,0.0,0.0,46.29,0.0,3.17,0.0,201.0,19170.0,0.3133388230009945,0.15798634812286688,0.0,0.0,0,1,38.46153846153847
19. Aug 2024,17. Sep 2025,Dynamische Kampagne 19.03.2023 16:44:34,13622038015,19. Mär 2023,,Beendet/Entfernt,285683785218,ALPEX F50 Pressfitting  Wand/Winkel T-Stück Übergang Kupplung Verschraubung Rohr,Festpreis,4.75,10193.0,03. Feb 2024,03. Aug 2025,0.0,0.0,0.0,0.0,0.0,0.0,0.0,0.0,0.0,0.0,0.0,0.0,0.0,0.0,0.0,0.0,0.0,0.0,0.0,0.0,0.0,0.0,0.0,0.0,0.0,0.0,0.0,0,0,0.0
19. Aug 2024,17. Sep 2025,Standard-Kampagne,12546691015,20. Okt 2021,,Beendet/Entfernt,285683785218,ALPEX F50 Pressfitting  Wand/Winkel T-Stück Übergang Kupplung Verschraubung Rohr,Festpreis,4.75,10193.0,03. Feb 2024,03. Aug 2025,404040.0,1623.0,380.0,174.0,554.0,23.41,68.59,0.0,371.05,10.0,0.98,1592.0,31.0,313.0,67.0,0.0,630.58,308.0,63.05,19.66,216.13,768.0,139883.0,0.4016929016929017,0.22861983980283426,0.0,0.0,0,1,31.40794223826715
19. Aug 2024,17. Sep 2025,Dynamische Kampagne 19.03.2023 16:44:34,13622038015,19. Mär 2023,,Beendet/Entfernt,285674354574,"Ablaufpumpe Waschmaschine CANDY 41019104, 41042258",Festpreis,18.8,91.0,28. Jan 2024,14. Aug 2025,27750.0,113.0,14.0,2.0,16.0,12.39,87.5,263.2,21.0,12.53,1.5,93.0,20.0,12.0,2.0,225.6,37.6,18.0,3.0,12.9,10.0,74.0,16521.0,0.40720720720720716,0.18584070796460178,2.3292035398230087,12.533333333333333,1,1,12.5
19. Aug 2024,17. Sep 2025,Standard-Kampagne,12546691015,20. Okt 2021,,Beendet/Entfernt,285017306954,5x ROWENTA WB305120 Wonderbag Compact Staubbeutel Staub­sau­ger­beu­tel,Festpreis,9.49,27.0,27. Okt 2022,14. Aug 2025,9351.0,45.0,7.0,2.0,9.0,15.56,77.78,66.43,7.28,9.12,1.04,34.0,11.0,6.0,1.0,56.94,9.49,6.24,1.04,17.65,9.09,34.0,3425.0,0.4812319538017324,0.16177777777777777,1.4762222222222223,9.125,1,1,22.22222222222222
19. Aug 2024,17. Sep 2025,Standard-Kampagne,12546691015,20. Okt 2021,,Beendet/Entfernt,284577498437,3xTrommelrippe Wäschemitnehmer Rippe VESTEL  42002592 481202308115,Festpreis,11.99,19.0,21. Dez 2021,14. Aug 2025,5464.0,28.0,1.0,1.0,2.0,3.57,50.0,11.99,0.65,18.45,0.65,28.0,0.0,1.0,0.0,11.99,0.0,0.65,0.0,3.57,0.0,32.0,3295.0,0.5124450951683748,0.023214285714285715,0.4282142857142857,18.446153846153845,1,1,50.0
19. Aug 2024,17. Sep 2025,Standard-Kampagne,12546691015,20. Okt 2021,,Beendet/Entfernt,285424057244,350Gr. Kältemittel R290 Propan Einwegdose optional Ventil Pfand/Retourenlabel,Festpreis,15.0,25.0,10. Aug 2023,10. Aug 2025,0.0,0.0,0.0,0.0,0.0,0.0,0.0,0.0,0.0,0.0,0.0,0.0,0.0,0.0,0.0,0.0,0.0,0.0,0.0,0.0,0.0,0.0,0.0,0.0,0.0,0.0,0.0,0,0,0.0
19. Aug 2024,17. Sep 2025,Standard-Kampagne,12546691015,20. Okt 2021,,Beendet/Entfernt,285132403072,2xHEPA & 2xMotorfilter Filter Set Für Siemens VSZ3 Z3.0 VS06G Bosch BSG6 BSGL4,Festpreis,13.45,35.0,03. Feb 2023,03. Aug 2025,3163.0,2.0,0.0,1.0,1.0,0.0,0.0,0.0,0.0,0.0,0.0,2.0,0.0,0.0,0.0,0.0,0.0,0.0,0.0,0.0,0.0,5.0,1896.0,0.06323110970597534,0.0,0.0,0.0,0,1,100.0
19. Aug 2024,17. Sep 2025,Dynamische Kampagne 19.03.2023 16:44:34,13622038015,19. Mär 2023,,Beendet/Entfernt,284579947884,2x Laufschienenanschlag und 2x Stopper für Geschirrspüler Beko Bauknecht,Festpreis,9.99,44.0,23. Dez 2021,14. Aug 2025,70424.0,327.0,53.0,20.0,73.0,16.21,72.6,527.47,36.96,14.27,0.7,123.0,204.0,27.0,26.0,267.73,259.74,18.76,18.2,21.95,12.75,153.0,24860.0,0.46433034192888784,0.11302752293577982,1.6130581039755352,14.27137445887446,1,1,27.397260273972602
19. Aug 2024,17. Sep 2025,Standard-Kampagne,12546691015,20. Okt 2021,,Beendet/Entfernt,285050703772,2x Display Panzerfolie iPhone 12 13 14 Pro Max +1x Kamera Schutz Glas+Schablone,Festpreis,8.9,129.0,24. Nov 2022,14. Aug 2025,85807.0,140.0,25.0,33.0,58.0,17.86,43.1,233.31,24.48,9.53,0.98,140.0,0.0,25.0,0.0,233.31,0.0,24.48,0.0,17.86,0.0,332.0,51304.0,0.16315685200508118,0.17485714285714285,1.6665,9.530637254901961,1,1,56.896551724137936
19. Aug 2024,17. Sep 2025,Dynamische Kampagne 19.03.2023 16:44:34,13622038015,19. Mär 2023,,Beendet/Entfernt,284794280491,,,0.0,0.0,,,40018.0,94.0,8.0,2.0,10.0,8.51,80.0,110.52,7.74,14.28,0.97,94.0,0.0,8.0,0.0,110.52,0.0,7.74,0.0,8.51,0.0,71.0,25177.0,0.23489429756609528,0.0823404255319149,1.1757446808510639,14.27906976744186,1,1,20.0
19. Aug 2024,17. Sep 2025,Dynamische Kampagne 19.03.2023 16:44:34,13622038015,19. Mär 2023,,Beendet/Entfernt,285266342102,,,0.0,0.0,,,0.0,0.0,0.0,0.0,0.0,0.0,0.0,0.0,0.0,0.0,0.0,0.0,0.0,0.0,0.0,0.0,0.0,0.0,0.0,0.0,0.0,0.0,0.0,0.0,0.0,0.0,0.0,0,0,0.0
19. Aug 2024,17. Sep 2025,Dynamische Kampagne 19.03.2023 16:44:34,13622038015,19. Mär 2023,,Beendet/Entfernt,285275322083,,,0.0,0.0,,,0.0,0.0,0.0,0.0,0.0,0.0,0.0,0.0,0.0,0.0,0.0,0.0,0.0,0.0,0.0,0.0,0.0,0.0,0.0,0.0,0.0,0.0,0.0,0.0,0.0,0.0,0.0,0,0,0.0
19. Aug 2024,17. Sep 2025,Standard-Kampagne,12546691015,20. Okt 2021,,Beendet/Entfernt,285405038387,,,0.0,0.0,,,22466.0,397.0,0.0,0.0,0.0,0.0,0.0,0.0,0.0,0.0,0.0,136.0,261.0,0.0,0.0,0.0,0.0,0.0,0.0,0.0,0.0,325.0,33949.0,1.76711475117956,0.0,0.0,0.0,0,0,0.0
19. Aug 2024,17. Sep 2025,Dynamische Kampagne 19.03.2023 16:44:34,13622038015,19. Mär 2023,,Beendet/Entfernt,284579841094,,,0.0,0.0,,,10244.0,54.0,1.0,0.0,1.0,1.85,100.0,15.99,1.12,14.28,1.12,34.0,20.0,1.0,0.0,15.99,0.0,1.12,0.0,2.94,0.0,32.0,4778.0,0.5271378367825068,0.020740740740740744,0.2961111111111111,14.276785714285714,1,1,0.0
19. Aug 2024,17. Sep 2025,Standard-Kampagne,12546691015,20. Okt 2021,,Beendet/Entfernt,285741335439,,,0.0,0.0,,,76548.0,228.0,0.0,0.0,0.0,0.0,0.0,0.0,0.0,0.0,0.0,220.0,8.0,0.0,0.0,0.0,0.0,0.0,0.0,0.0,0.0,268.0,38620.0,0.2978523279510895,0.0,0.0,0.0,0,0,0.0
19. Aug 2024,17. Sep 2025,Standard-Kampagne,12546691015,20. Okt 2021,,Beendet/Entfernt,284943361050,,,0.0,0.0,,,262683.0,400.0,1.0,1.0,2.0,0.25,50.0,112.19,16.83,6.67,16.83,397.0,3.0,1.0,0.0,112.19,0.0,16.83,0.0,0.25,0.0,119.0,70585.0,0.15227479509522884,0.042074999999999994,0.280475,6.666072489601902,1,1,50.0
19. Aug 2024,17. Sep 2025,Dynamische Kampagne 19.03.2023 16:44:34,13622038015,19. Mär 2023,,Beendet/Entfernt,285689884907,,,0.0,0.0,,,2271.0,1.0,0.0,0.0,0.0,0.0,0.0,0.0,0.0,0.0,0.0,1.0,0.0,0.0,0.0,0.0,0.0,0.0,0.0,0.0,0.0,7.0,532.0,0.044033465433729636,0.0,0.0,0.0,0,0,0.0
19. Aug 2024,17. Sep 2025,Dynamische Kampagne 19.03.2023 16:44:34,13622038015,19. Mär 2023,,Beendet/Entfernt,285956342047,,,0.0,0.0,,,0.0,0.0,0.0,0.0,0.0,0.0,0.0,0.0,0.0,0.0,0.0,0.0,0.0,0.0,0.0,0.0,0.0,0.0,0.0,0.0,0.0,12.0,29.0,0.0,0.0,0.0,0.0,0,0,0.0
19. Aug 2024,17. Sep 2025,Dynamische Kampagne 19.03.2023 16:44:34,13622038015,19. Mär 2023,,Beendet/Entfernt,285201302174,,,0.0,0.0,,,3091.0,1.0,0.0,0.0,0.0,0.0,0.0,0.0,0.0,0.0,0.0,1.0,0.0,0.0,0.0,0.0,0.0,0.0,0.0,0.0,0.0,11.0,1070.0,0.03235198964736331,0.0,0.0,0.0,0,0,0.0
19. Aug 2024,17. Sep 2025,Standard-Kampagne,12546691015,20. Okt 2021,,Beendet/Entfernt,284794250598,,,0.0,0.0,,,12498.0,34.0,0.0,0.0,0.0,0.0,0.0,0.0,0.0,0.0,0.0,25.0,9.0,0.0,0.0,0.0,0.0,0.0,0.0,0.0,0.0,6.0,2834.0,0.27204352696431433,0.0,0.0,0.0,0,0,0.0
19. Aug 2024,17. Sep 2025,Dynamische Kampagne 19.03.2023 16:44:34,13622038015,19. Mär 2023,,Beendet/Entfernt,285674174748,,,0.0,0.0,,,29536.0,59.0,3.0,0.0,3.0,5.08,100.0,95.7,12.45,7.69,4.15,53.0,6.0,2.0,1.0,63.8,31.9,8.3,4.15,3.77,16.67,17.0,4642.0,0.19975622968580717,0.21101694915254235,1.6220338983050848,7.686746987951808,1,1,0.0
19. Aug 2024,17. Sep 2025,Standard-Kampagne,12546691015,20. Okt 2021,,Beendet/Entfernt,284866166159,,,0.0,0.0,,,2784.0,5.0,1.0,0.0,1.0,20.0,100.0,15.99,1.52,10.52,1.52,5.0,0.0,1.0,0.0,15.99,0.0,1.52,0.0,20.0,0.0,5.0,934.0,0.17959770114942528,0.304,3.198,10.519736842105264,1,1,0.0
19. Aug 2024,17. Sep 2025,Dynamische Kampagne 19.03.2023 16:44:34,13622038015,19. Mär 2023,,Beendet/Entfernt,285685388558,,,0.0,0.0,,,63263.0,150.0,4.0,4.0,8.0,2.67,50.0,63.96,4.48,14.28,1.12,145.0,5.0,4.0,0.0,63.96,0.0,4.48,0.0,2.76,0.0,120.0,59983.0,0.2371054170684286,0.02986666666666667,0.4264,14.276785714285714,1,1,50.0
19. Aug 2024,17. Sep 2025,Standard-Kampagne,12546691015,20. Okt 2021,,Beendet/Entfernt,285409337255,,,0.0,0.0,,,20407.0,161.0,1.0,0.0,1.0,0.62,100.0,159.99,16.0,10.0,16.0,92.0,69.0,0.0,1.0,0.0,159.99,0.0,16.0,0.0,1.45,118.0,3693.0,0.7889449698632821,0.09937888198757763,0.9937267080745342,9.999375,1,1,0.0
19. Aug 2024,17. Sep 2025,Standard-Kampagne,12546691015,20. Okt 2021,,Beendet/Entfernt,285672847925,,,0.0,0.0,,,13529.0,25.0,0.0,0.0,0.0,0.0,0.0,0.0,0.0,0.0,0.0,24.0,1.0,0.0,0.0,0.0,0.0,0.0,0.0,0.0,0.0,19.0,2108.0,0.18478823268534258,0.0,0.0,0.0,0,0,0.0
19. Aug 2024,17. Sep 2025,Dynamische Kampagne 19.03.2023 16:44:34,13622038015,19. Mär 2023,,Beendet/Entfernt,284790324827,,,0.0,0.0,,,12595.0,35.0,1.0,0.0,1.0,2.86,100.0,7.99,0.56,14.27,0.56,35.0,0.0,1.0,0.0,7.99,0.0,0.56,0.0,2.86,0.0,16.0,4504.0,0.277888050813815,0.016,0.2282857142857143,14.267857142857142,1,1,0.0
19. Aug 2024,17. Sep 2025,Dynamische Kampagne 19.03.2023 16:44:34,13622038015,19. Mär 2023,,Beendet/Entfernt,285927326202,,,0.0,0.0,,,136221.0,240.0,1.0,0.0,1.0,0.42,100.0,105.9,9.74,10.87,9.74,238.0,2.0,1.0,0.0,105.9,0.0,9.74,0.0,0.42,0.0,165.0,57297.0,0.17618428876604927,0.04058333333333333,0.44125000000000003,10.872689938398358,1,1,0.0
19. Aug 2024,17. Sep 2025,Dynamische Kampagne 19.03.2023 16:44:34,13622038015,19. Mär 2023,,Beendet/Entfernt,285013411303,,,0.0,0.0,,,3192.0,2.0,1.0,0.0,1.0,50.0,100.0,12.99,0.91,14.27,0.91,2.0,0.0,1.0,0.0,12.99,0.0,0.91,0.0,50.0,0.0,5.0,1775.0,0.06265664160401002,0.455,6.495,14.274725274725274,1,1,0.0
19. Aug 2024,17. Sep 2025,Dynamische Kampagne 19.03.2023 16:44:34,13622038015,19. Mär 2023,,Beendet/Entfernt,285674543242,,,0.0,0.0,,,180057.0,736.0,37.0,7.0,44.0,5.03,84.09,451.15,49.61,9.09,1.34,735.0,1.0,37.0,0.0,451.15,0.0,49.61,0.0,5.03,0.0,254.0,36977.0,0.40875944839689654,0.06740489130434782,0.6129755434782609,9.093932674863938,1,1,15.909090909090908
19. Aug 2024,17. Sep 2025,Dynamische Kampagne 19.03.2023 16:44:34,13622038015,19. Mär 2023,,Beendet/Entfernt,284790326953,,,0.0,0.0,,,11751.0,52.0,9.0,1.0,10.0,17.31,90.0,58.41,4.08,14.32,0.45,49.0,3.0,9.0,0.0,58.41,0.0,4.08,0.0,18.37,0.0,66.0,10925.0,0.442515530593141,0.07846153846153846,1.1232692307692307,14.316176470588234,1,1,10.0
19. Aug 2024,17. Sep 2025,Dynamische Kampagne 19.03.2023 16:44:34,13622038015,19. Mär 2023,,Beendet/Entfernt,284793179797,,,0.0,0.0,,,9409.0,20.0,1.0,0.0,1.0,5.0,100.0,14.9,1.49,10.0,1.49,20.0,0.0,1.0,0.0,14.9,0.0,1.49,0.0,5.0,0.0,8.0,1813.0,0.2125624402168137,0.0745,0.745,10.0,1,1,0.0
19. Aug 2024,17. Sep 2025,Dynamische Kampagne 19.03.2023 16:44:34,13622038015,19. Mär 2023,,Beendet/Entfernt,286288580130,,,0.0,0.0,,,326.0,0.0,0.0,0.0,0.0,0.0,0.0,0.0,0.0,0.0,0.0,0.0,0.0,0.0,0.0,0.0,0.0,0.0,0.0,0.0,0.0,0.0,68.0,0.0,0.0,0.0,0.0,0,0,0.0
19. Aug 2024,17. Sep 2025,Dynamische Kampagne 19.03.2023 16:44:34,13622038015,19. Mär 2023,,Beendet/Entfernt,285685284287,,,0.0,0.0,,,656.0,1.0,1.0,0.0,1.0,100.0,100.0,18.52,2.26,8.2,2.26,1.0,0.0,1.0,0.0,18.52,0.0,2.26,0.0,100.0,0.0,4.0,961.0,0.1524390243902439,2.26,18.52,8.194690265486726,1,1,0.0
19. Aug 2024,17. Sep 2025,Dynamische Kampagne 19.03.2023 16:44:34,13622038015,19. Mär 2023,,Beendet/Entfernt,284496248894,,,0.0,0.0,,,11016.0,9.0,0.0,0.0,0.0,0.0,0.0,0.0,0.0,0.0,0.0,9.0,0.0,0.0,0.0,0.0,0.0,0.0,0.0,0.0,0.0,10.0,2994.0,0.08169934640522876,0.0,0.0,0.0,0,0,0.0
19. Aug 2024,17. Sep 2025,Dynamische Kampagne 19.03.2023 16:44:34,13622038015,19. Mär 2023,,Beendet/Entfernt,285919642937,,,0.0,0.0,,,10974.0,51.0,1.0,2.0,3.0,1.96,33.33,49.9,5.79,8.62,5.79,50.0,1.0,1.0,0.0,49.9,0.0,5.79,0.0,2.0,0.0,61.0,3421.0,0.4647348277747403,0.11352941176470588,0.9784313725490196,8.618307426597582,1,1,66.66666666666666
19. Aug 2024,17. Sep 2025,Standard-Kampagne,12546691015,20. Okt 2021,,Beendet/Entfernt,284578737193,,,0.0,0.0,,,3855.0,21.0,1.0,0.0,1.0,4.76,100.0,14.9,1.43,10.42,1.43,7.0,14.0,0.0,1.0,0.0,14.9,0.0,1.43,0.0,7.14,20.0,1714.0,0.5447470817120622,0.0680952380952381,0.7095238095238096,10.41958041958042,1,1,0.0
19. Aug 2024,17. Sep 2025,Dynamische Kampagne 19.03.2023 16:44:34,13622038015,19. Mär 2023,,Beendet/Entfernt,285674329195,,,0.0,0.0,,,24081.0,48.0,7.0,0.0,7.0,14.58,100.0,112.0,7.84,14.29,1.12,41.0,7.0,6.0,1.0,96.0,16.0,6.72,1.12,14.63,14.29,14.0,4789.0,0.19932727046219012,0.16333333333333333,2.3333333333333335,14.285714285714286,1,1,0.0
19. Aug 2024,17. Sep 2025,Standard-Kampagne,12546691015,20. Okt 2021,,Beendet/Entfernt,286088574259,,,0.0,0.0,,,40803.0,189.0,15.0,0.0,15.0,7.94,100.0,518.49,61.2,8.47,4.08,184.0,5.0,15.0,0.0,518.49,0.0,61.2,0.0,8.15,0.0,164.0,24057.0,0.46320123520329387,0.3238095238095238,2.743333333333333,8.472058823529412,1,1,0.0
19. Aug 2024,17. Sep 2025,Standard-Kampagne,12546691015,20. Okt 2021,,Beendet/Entfernt,284761847785,,,0.0,0.0,,,1596.0,5.0,0.0,0.0,0.0,0.0,0.0,0.0,0.0,0.0,0.0,5.0,0.0,0.0,0.0,0.0,0.0,0.0,0.0,0.0,0.0,51.0,901.0,0.3132832080200501,0.0,0.0,0.0,0,0,0.0
19. Aug 2024,17. Sep 2025,Dynamische Kampagne 19.03.2023 16:44:34,13622038015,19. Mär 2023,,Beendet/Entfernt,286169543587,,,0.0,0.0,,,39502.0,31.0,1.0,1.0,2.0,3.23,50.0,13.29,1.2,11.07,1.2,28.0,3.0,1.0,0.0,13.29,0.0,1.2,0.0,3.57,0.0,77.0,23654.0,0.07847703913725887,0.03870967741935484,0.4287096774193548,11.075,1,1,50.0
19. Aug 2024,17. Sep 2025,Dynamische Kampagne 19.03.2023 16:44:34,13622038015,19. Mär 2023,,Beendet/Entfernt,284943690554,,,0.0,0.0,,,14125.0,35.0,1.0,0.0,1.0,2.86,100.0,15.99,1.12,14.28,1.12,35.0,0.0,1.0,0.0,15.99,0.0,1.12,0.0,2.86,0.0,40.0,9610.0,0.24778761061946902,0.032,0.45685714285714285,14.276785714285714,1,1,0.0
19. Aug 2024,17. Sep 2025,Dynamische Kampagne 19.03.2023 16:44:34,13622038015,19. Mär 2023,,Beendet/Entfernt,286125209124,,,0.0,0.0,,,178.0,2.0,0.0,0.0,0.0,0.0,0.0,0.0,0.0,0.0,0.0,2.0,0.0,0.0,0.0,0.0,0.0,0.0,0.0,0.0,0.0,1.0,53.0,1.1235955056179776,0.0,0.0,0.0,0,0,0.0
19. Aug 2024,17. Sep 2025,Dynamische Kampagne 19.03.2023 16:44:34,13622038015,19. Mär 2023,,Beendet/Entfernt,285884180256,,,0.0,0.0,,,94036.0,694.0,46.0,1.0,47.0,6.63,97.87,459.54,36.8,12.49,0.8,365.0,329.0,35.0,11.0,349.65,109.89,28.0,8.8,9.59,3.34,137.0,53218.0,0.7380152282104726,0.053025936599423625,0.6621613832853026,12.4875,1,1,2.127659574468085
19. Aug 2024,17. Sep 2025,Standard-Kampagne,12546691015,20. Okt 2021,,Beendet/Entfernt,284918622458,,,0.0,0.0,,,13716.0,35.0,5.0,0.0,5.0,14.29,100.0,51.45,5.39,9.55,1.08,35.0,0.0,5.0,0.0,51.45,0.0,5.39,0.0,14.29,0.0,18.0,3906.0,0.2551764362787985,0.154,1.47,9.545454545454547,1,1,0.0
19. Aug 2024,17. Sep 2025,Dynamische Kampagne 19.03.2023 16:44:34,13622038015,19. Mär 2023,,Beendet/Entfernt,285674181487,,,0.0,0.0,,,22526.0,56.0,3.0,2.0,5.0,5.36,60.0,86.26,6.91,12.48,2.3,52.0,4.0,3.0,0.0,86.26,0.0,6.91,0.0,5.77,0.0,33.0,8279.0,0.2486016159105034,0.12339285714285715,1.540357142857143,12.483357452966715,1,1,40.0
19. Aug 2024,17. Sep 2025,Dynamische Kampagne 19.03.2023 16:44:34,13622038015,19. Mär 2023,,Beendet/Entfernt,285884179226,,,0.0,0.0,,,124862.0,352.0,19.0,4.0,23.0,5.4,82.61,391.0,50.92,7.68,2.68,266.0,86.0,14.0,5.0,259.0,132.0,33.74,17.18,5.26,5.81,124.0,41805.0,0.2819112299979177,0.1446590909090909,1.1107954545454546,7.678711704634721,1,1,17.391304347826086
19. Aug 2024,17. Sep 2025,Dynamische Kampagne 19.03.2023 16:44:34,13622038015,19. Mär 2023,,Beendet/Entfernt,286182209053,,,0.0,0.0,,,1106.0,13.0,0.0,0.0,0.0,0.0,0.0,0.0,0.0,0.0,0.0,10.0,3.0,0.0,0.0,0.0,0.0,0.0,0.0,0.0,0.0,12.0,516.0,1.1754068716094033,0.0,0.0,0.0,0,0,0.0
19. Aug 2024,17. Sep 2025,Standard-Kampagne,12546691015,20. Okt 2021,,Beendet/Entfernt,285768457036,,,0.0,0.0,,,66936.0,88.0,11.0,4.0,15.0,12.5,73.33,328.5,16.43,19.99,1.49,84.0,4.0,11.0,0.0,328.5,0.0,16.43,0.0,13.1,0.0,84.0,17058.0,0.13146886578223976,0.18670454545454546,3.7329545454545454,19.993913572732808,1,1,26.666666666666668
19. Aug 2024,17. Sep 2025,Dynamische Kampagne 29.10.2024 14:04:27,36378652015,29. Okt 2024,,Beendet/Entfernt,286125209124,,,0.0,0.0,,,14383.0,48.0,3.0,0.0,3.0,6.25,100.0,231.0,20.79,11.11,6.93,41.0,7.0,3.0,0.0,231.0,0.0,20.79,0.0,7.32,0.0,41.0,2776.0,0.3337273169714246,0.433125,4.8125,11.11111111111111,1,1,0.0
19. Aug 2024,17. Sep 2025,Dynamische Kampagne 19.03.2023 16:44:34,13622038015,19. Mär 2023,,Beendet/Entfernt,286288593925,,,0.0,0.0,,,3283.0,4.0,0.0,0.0,0.0,0.0,0.0,0.0,0.0,0.0,0.0,4.0,0.0,0.0,0.0,0.0,0.0,0.0,0.0,0.0,0.0,8.0,294.0,0.12183978068839477,0.0,0.0,0.0,0,0,0.0
19. Aug 2024,17. Sep 2025,Dynamische Kampagne 19.03.2023 16:44:34,13622038015,19. Mär 2023,,Beendet/Entfernt,285671426893,,,0.0,0.0,,,7682.0,18.0,2.0,0.0,2.0,11.11,100.0,24.38,1.95,12.5,0.97,16.0,2.0,2.0,0.0,24.38,0.0,1.95,0.0,12.5,0.0,27.0,3668.0,0.2343139807341838,0.10833333333333334,1.3544444444444443,12.502564102564103,1,1,0.0
19. Aug 2024,17. Sep 2025,Dynamische Kampagne 19.03.2023 16:44:34,13622038015,19. Mär 2023,,Beendet/Entfernt,285884173147,,,0.0,0.0,,,64228.0,404.0,22.0,5.0,27.0,5.45,81.48,401.4,32.2,12.47,1.46,156.0,248.0,10.0,12.0,185.0,216.4,14.84,17.36,6.41,4.84,127.0,33184.0,0.6290091548857196,0.0797029702970297,0.9935643564356436,12.465838509316768,1,1,18.51851851851852
19. Aug 2024,17. Sep 2025,Standard-Kampagne,12546691015,20. Okt 2021,,Beendet/Entfernt,285425434909,,,0.0,0.0,,,29931.0,174.0,8.0,3.0,11.0,4.6,72.73,555.8,55.58,10.0,6.95,120.0,54.0,4.0,4.0,280.0,275.8,28.0,27.58,3.33,7.41,127.0,8248.0,0.5813370752731282,0.3194252873563218,3.1942528735632183,10.0,1,1,27.27272727272727
19. Aug 2024,17. Sep 2025,Dynamische Kampagne 19.03.2023 16:44:34,13622038015,19. Mär 2023,,Beendet/Entfernt,285884178071,,,0.0,0.0,,,272023.0,498.0,11.0,9.0,20.0,2.21,55.0,115.39,6.93,16.65,0.63,474.0,24.0,10.0,1.0,104.9,10.49,6.3,0.63,2.11,4.17,361.0,154705.0,0.18307275487734492,0.01391566265060241,0.23170682730923695,16.650793650793652,1,1,45.0
19. Aug 2024,17. Sep 2025,Dynamische Kampagne 19.03.2023 16:44:34,13622038015,19. Mär 2023,,Beendet/Entfernt,285689810131,,,0.0,0.0,,,8086.0,15.0,0.0,1.0,1.0,0.0,0.0,0.0,0.0,0.0,0.0,15.0,0.0,0.0,0.0,0.0,0.0,0.0,0.0,0.0,0.0,11.0,3276.0,0.18550581251545883,0.0,0.0,0.0,0,1,100.0
19. Aug 2024,17. Sep 2025,Dynamische Kampagne 19.03.2023 16:44:34,13622038015,19. Mär 2023,,Beendet/Entfernt,286301043600,,,0.0,0.0,,,1126.0,1.0,0.0,0.0,0.0,0.0,0.0,0.0,0.0,0.0,0.0,1.0,0.0,0.0,0.0,0.0,0.0,0.0,0.0,0.0,0.0,3.0,139.0,0.08880994671403197,0.0,0.0,0.0,0,0,0.0
19. Aug 2024,17. Sep 2025,Dynamische Kampagne 19.03.2023 16:44:34,13622038015,19. Mär 2023,,Beendet/Entfernt,286217994235,,,0.0,0.0,,,18226.0,15.0,1.0,1.0,2.0,6.67,50.0,2.99,0.38,7.87,0.38,15.0,0.0,1.0,0.0,2.99,0.0,0.38,0.0,6.67,0.0,55.0,5316.0,0.0823000109733348,0.025333333333333333,0.19933333333333333,7.86842105263158,1,1,50.0
19. Aug 2024,17. Sep 2025,Dynamische Kampagne 19.03.2023 16:44:34,13622038015,19. Mär 2023,,Beendet/Entfernt,285201304111,,,0.0,0.0,,,10679.0,4.0,2.0,1.0,3.0,50.0,66.67,15.98,1.12,14.27,0.56,4.0,0.0,2.0,0.0,15.98,0.0,1.12,0.0,50.0,0.0,37.0,2780.0,0.037456690701376534,0.28,3.995,14.267857142857142,1,1,33.33333333333333
19. Aug 2024,17. Sep 2025,Dynamische Kampagne 19.03.2023 16:44:34,13622038015,19. Mär 2023,,Beendet/Entfernt,285674489616,,,0.0,0.0,,,3749.0,17.0,9.0,2.0,11.0,52.94,81.82,107.91,10.8,9.99,1.2,17.0,0.0,9.0,0.0,107.91,0.0,10.8,0.0,52.94,0.0,22.0,1228.0,0.4534542544678581,0.6352941176470589,6.347647058823529,9.991666666666665,1,1,18.181818181818183
19. Aug 2024,17. Sep 2025,Dynamische Kampagne 19.03.2023 16:44:34,13622038015,19. Mär 2023,,Beendet/Entfernt,285379664414,,,0.0,0.0,,,17963.0,33.0,10.0,0.0,10.0,30.3,100.0,85.0,5.97,14.24,0.6,33.0,0.0,10.0,0.0,85.0,0.0,5.97,0.0,30.3,0.0,34.0,7253.0,0.1837109614206981,0.1809090909090909,2.5757575757575757,14.23785594639866,1,1,0.0
19. Aug 2024,17. Sep 2025,Dynamische Kampagne 19.03.2023 16:44:34,13622038015,19. Mär 2023,,Beendet/Entfernt,284790451903,,,0.0,0.0,,,29076.0,75.0,13.0,9.0,22.0,17.33,59.09,77.87,5.46,14.26,0.42,67.0,8.0,11.0,2.0,65.89,11.98,4.62,0.84,16.42,25.0,62.0,26375.0,0.25794469665703673,0.0728,1.0382666666666667,14.261904761904763,1,1,40.909090909090914
19. Aug 2024,17. Sep 2025,Standard-Kampagne,12546691015,20. Okt 2021,,Beendet/Entfernt,285266342102,,,0.0,0.0,,,314765.0,1975.0,2.0,1.0,3.0,0.1,66.67,0.0,54.68,20.0,27.34,1849.0,126.0,2.0,0.0,0.0,0.0,54.68,0.0,0.11,0.0,1898.0,238002.0,0.6274522262640383,0.02768607594936709,0.0,0.0,0,1,33.33333333333333
19. Aug 2024,17. Sep 2025,Dynamische Kampagne 19.03.2023 16:44:34,13622038015,19. Mär 2023,,Beendet/Entfernt,285425434909,,,0.0,0.0,,,0.0,0.0,0.0,0.0,0.0,0.0,0.0,0.0,0.0,0.0,0.0,0.0,0.0,0.0,0.0,0.0,0.0,0.0,0.0,0.0,0.0,0.0,0.0,0.0,0.0,0.0,0.0,0,0,0.0
19. Aug 2024,17. Sep 2025,Standard-Kampagne,12546691015,20. Okt 2021,,Beendet/Entfernt,284919714345,,,0.0,0.0,,,8430.0,90.0,2.0,1.0,3.0,2.22,66.67,37.88,3.97,9.54,1.99,87.0,3.0,2.0,0.0,37.88,0.0,3.97,0.0,2.3,0.0,68.0,4558.0,1.0676156583629894,0.044111111111111115,0.4208888888888889,9.541561712846347,1,1,33.33333333333333
19. Aug 2024,17. Sep 2025,Standard-Kampagne,12546691015,20. Okt 2021,,Beendet/Entfernt,286088542686,,,0.0,0.0,,,60658.0,134.0,6.0,4.0,10.0,4.48,60.0,213.57,19.23,11.11,3.21,134.0,0.0,6.0,0.0,213.57,0.0,19.23,0.0,4.48,0.0,158.0,19667.0,0.2209106795476277,0.14350746268656717,1.5938059701492537,11.106084243369734,1,1,40.0
19. Aug 2024,17. Sep 2025,Standard-Kampagne,12546691015,20. Okt 2021,,Beendet/Entfernt,284496153048,,,0.0,0.0,,,3626.0,6.0,0.0,0.0,0.0,0.0,0.0,0.0,0.0,0.0,0.0,4.0,2.0,0.0,0.0,0.0,0.0,0.0,0.0,0.0,0.0,4.0,2513.0,0.1654715940430226,0.0,0.0,0.0,0,0,0.0
19. Aug 2024,17. Sep 2025,Dynamische Kampagne 19.03.2023 16:44:34,13622038015,19. Mär 2023,,Beendet/Entfernt,285895709623,,,0.0,0.0,,,0.0,0.0,0.0,0.0,0.0,0.0,0.0,0.0,0.0,0.0,0.0,0.0,0.0,0.0,0.0,0.0,0.0,0.0,0.0,0.0,0.0,184.0,26.0,0.0,0.0,0.0,0.0,0,0,0.0
19. Aug 2024,17. Sep 2025,Dynamische Kampagne 19.03.2023 16:44:34,13622038015,19. Mär 2023,,Beendet/Entfernt,285689784592,,,0.0,0.0,,,57163.0,143.0,21.0,4.0,25.0,14.69,84.0,220.29,22.05,9.99,1.05,143.0,0.0,21.0,0.0,220.29,0.0,22.05,0.0,14.69,0.0,95.0,21779.0,0.2501618179591694,0.1541958041958042,1.5404895104895104,9.99047619047619,1,1,16.0
19. Aug 2024,17. Sep 2025,Dynamische Kampagne 19.03.2023 16:44:34,13622038015,19. Mär 2023,,Beendet/Entfernt,286176618176,,,0.0,0.0,,,25434.0,25.0,3.0,0.0,3.0,12.0,100.0,69.57,8.15,8.54,2.72,21.0,4.0,3.0,0.0,69.57,0.0,8.15,0.0,14.29,0.0,41.0,19462.0,0.0982936227097586,0.326,2.7828,8.536196319018403,1,1,0.0
19. Aug 2024,17. Sep 2025,Standard-Kampagne,12546691015,20. Okt 2021,,Beendet/Entfernt,284495209590,,,0.0,0.0,,,10563.0,34.0,3.0,0.0,3.0,8.82,100.0,129.25,15.5,8.34,5.17,31.0,3.0,3.0,0.0,129.25,0.0,15.5,0.0,9.68,0.0,29.0,2096.0,0.3218782542838209,0.45588235294117646,3.801470588235294,8.338709677419354,1,1,0.0
19. Aug 2024,17. Sep 2025,Standard-Kampagne,12546691015,20. Okt 2021,,Beendet/Entfernt,286088495693,,,0.0,0.0,,,46303.0,200.0,12.0,4.0,16.0,6.0,75.0,425.88,38.34,11.11,3.2,198.0,2.0,12.0,0.0,425.88,0.0,38.34,0.0,6.06,0.0,186.0,22982.0,0.4319374554564499,0.1917,2.1294,11.107981220657276,1,1,25.0
19. Aug 2024,17. Sep 2025,Dynamische Kampagne 19.03.2023 16:44:34,13622038015,19. Mär 2023,,Beendet/Entfernt,285689936330,,,0.0,0.0,,,33874.0,102.0,3.0,2.0,5.0,2.94,60.0,96.0,6.72,14.29,2.24,94.0,8.0,3.0,0.0,96.0,0.0,6.72,0.0,3.19,0.0,65.0,17773.0,0.3011159001003719,0.06588235294117646,0.9411764705882353,14.285714285714286,1,1,40.0
19. Aug 2024,17. Sep 2025,Standard-Kampagne,12546691015,20. Okt 2021,,Beendet/Entfernt,285657841240,,,0.0,0.0,,,55672.0,142.0,14.0,5.0,19.0,9.86,73.68,165.2,8.26,20.0,0.59,105.0,37.0,9.0,5.0,106.2,59.0,5.31,2.95,8.57,13.51,118.0,26894.0,0.25506538295732145,0.05816901408450704,1.1633802816901408,20.0,1,1,26.31578947368421
19. Aug 2024,17. Sep 2025,Dynamische Kampagne 19.03.2023 16:44:34,13622038015,19. Mär 2023,,Beendet/Entfernt,285919668484,,,0.0,0.0,,,8227.0,19.0,0.0,0.0,0.0,0.0,0.0,0.0,0.0,0.0,0.0,18.0,1.0,0.0,0.0,0.0,0.0,0.0,0.0,0.0,0.0,15.0,1700.0,0.23094688221709006,0.0,0.0,0.0,0,0,0.0
19. Aug 2024,17. Sep 2025,Standard-Kampagne,12546691015,20. Okt 2021,,Beendet/Entfernt,284943404820,,,0.0,0.0,,,207165.0,391.0,2.0,0.0,2.0,0.51,100.0,223.98,39.2,5.71,19.6,384.0,7.0,2.0,0.0,223.98,0.0,39.2,0.0,0.52,0.0,81.0,67396.0,0.18873844520068545,0.10025575447570333,0.5728388746803069,5.713775510204081,1,1,0.0
19. Aug 2024,17. Sep 2025,Standard-Kampagne,12546691015,20. Okt 2021,,Beendet/Entfernt,284495243955,,,0.0,0.0,,,25415.0,9.0,0.0,0.0,0.0,0.0,0.0,0.0,0.0,0.0,0.0,9.0,0.0,0.0,0.0,0.0,0.0,0.0,0.0,0.0,0.0,20.0,5904.0,0.03541215817430651,0.0,0.0,0.0,0,0,0.0
19. Aug 2024,17. Sep 2025,Dynamische Kampagne 19.03.2023 16:44:34,13622038015,19. Mär 2023,,Beendet/Entfernt,285192901905,,,0.0,0.0,,,0.0,0.0,0.0,0.0,0.0,0.0,0.0,0.0,0.0,0.0,0.0,0.0,0.0,0.0,0.0,0.0,0.0,0.0,0.0,0.0,0.0,0.0,0.0,0.0,0.0,0.0,0.0,0,0,0.0
19. Aug 2024,17. Sep 2025,Standard-Kampagne,12546691015,20. Okt 2021,,Beendet/Entfernt,284922340626,,,0.0,0.0,,,11885.0,57.0,6.0,0.0,6.0,10.53,100.0,65.84,6.89,9.56,1.15,57.0,0.0,6.0,0.0,65.84,0.0,6.89,0.0,10.53,0.0,25.0,5027.0,0.4795961295750947,0.12087719298245614,1.1550877192982456,9.555878084179971,1,1,0.0
19. Aug 2024,17. Sep 2025,Standard-Kampagne,12546691015,20. Okt 2021,,Beendet/Entfernt,285332127750,,,0.0,0.0,,,115009.0,234.0,0.0,0.0,0.0,0.0,0.0,0.0,0.0,0.0,0.0,223.0,11.0,0.0,0.0,0.0,0.0,0.0,0.0,0.0,0.0,97.0,34854.0,0.20346233773009068,0.0,0.0,0.0,0,0,0.0
19. Aug 2024,17. Sep 2025,Standard-Kampagne,12546691015,20. Okt 2021,,Beendet/Entfernt,285672900854,,,0.0,0.0,,,54868.0,102.0,0.0,5.0,5.0,0.0,0.0,0.0,0.0,0.0,0.0,80.0,22.0,0.0,0.0,0.0,0.0,0.0,0.0,0.0,0.0,110.0,22916.0,0.18590070715170956,0.0,0.0,0.0,0,1,100.0
19. Aug 2024,17. Sep 2025,Standard-Kampagne,12546691015,20. Okt 2021,,Beendet/Entfernt,285884546507,,,0.0,0.0,,,79960.0,107.0,0.0,0.0,0.0,0.0,0.0,0.0,0.0,0.0,0.0,104.0,3.0,0.0,0.0,0.0,0.0,0.0,0.0,0.0,0.0,148.0,27857.0,0.1338169084542271,0.0,0.0,0.0,0,0,0.0
19. Aug 2024,17. Sep 2025,Dynamische Kampagne 19.03.2023 16:44:34,13622038015,19. Mär 2023,,Beendet/Entfernt,286276114961,,,0.0,0.0,,,5567.0,7.0,0.0,0.0,0.0,0.0,0.0,0.0,0.0,0.0,0.0,7.0,0.0,0.0,0.0,0.0,0.0,0.0,0.0,0.0,0.0,15.0,3340.0,0.12574097359439554,0.0,0.0,0.0,0,0,0.0
19. Aug 2024,17. Sep 2025,Standard-Kampagne,12546691015,20. Okt 2021,,Beendet/Entfernt,284365532819,,,0.0,0.0,,,12955.0,8.0,0.0,0.0,0.0,0.0,0.0,0.0,0.0,0.0,0.0,8.0,0.0,0.0,0.0,0.0,0.0,0.0,0.0,0.0,0.0,4.0,1259.0,0.061752219220378234,0.0,0.0,0.0,0,0,0.0
19. Aug 2024,17. Sep 2025,Dynamische Kampagne 19.03.2023 16:44:34,13622038015,19. Mär 2023,,Beendet/Entfernt,284918624047,,,0.0,0.0,,,5907.0,3.0,0.0,2.0,2.0,0.0,0.0,0.0,0.0,0.0,0.0,3.0,0.0,0.0,0.0,0.0,0.0,0.0,0.0,0.0,0.0,9.0,1709.0,0.050787201625190445,0.0,0.0,0.0,0,1,100.0
19. Aug 2024,17. Sep 2025,Dynamische Kampagne 19.03.2023 16:44:34,13622038015,19. Mär 2023,,Beendet/Entfernt,285392461885,,,0.0,0.0,,,422343.0,791.0,15.0,5.0,20.0,1.9,75.0,207.55,20.8,9.98,1.39,774.0,17.0,15.0,0.0,207.55,0.0,20.8,0.0,1.94,0.0,204.0,51745.0,0.1872885308860334,0.02629582806573957,0.2623893805309735,9.978365384615385,1,1,25.0
19. Aug 2024,17. Sep 2025,Dynamische Kampagne 19.03.2023 16:44:34,13622038015,19. Mär 2023,,Beendet/Entfernt,286133493494,,,0.0,0.0,,,6007.0,11.0,0.0,0.0,0.0,0.0,0.0,0.0,0.0,0.0,0.0,11.0,0.0,0.0,0.0,0.0,0.0,0.0,0.0,0.0,0.0,21.0,1311.0,0.1831196936906942,0.0,0.0,0.0,0,0,0.0
19. Aug 2024,17. Sep 2025,Dynamische Kampagne 19.03.2023 16:44:34,13622038015,19. Mär 2023,,Beendet/Entfernt,285685462381,,,0.0,0.0,,,15358.0,201.0,1.0,0.0,1.0,0.5,100.0,329.0,19.74,16.67,19.74,59.0,142.0,1.0,0.0,329.0,0.0,19.74,0.0,1.69,0.0,147.0,6379.0,1.3087641620002606,0.0982089552238806,1.63681592039801,16.666666666666668,1,1,0.0
19. Aug 2024,17. Sep 2025,Dynamische Kampagne 19.03.2023 16:44:34,13622038015,19. Mär 2023,,Beendet/Entfernt,286182160668,,,0.0,0.0,,,991.0,4.0,0.0,0.0,0.0,0.0,0.0,0.0,0.0,0.0,0.0,4.0,0.0,0.0,0.0,0.0,0.0,0.0,0.0,0.0,0.0,5.0,597.0,0.4036326942482341,0.0,0.0,0.0,0,0,0.0
19. Aug 2024,17. Sep 2025,Dynamische Kampagne 19.03.2023 16:44:34,13622038015,19. Mär 2023,,Beendet/Entfernt,285671391248,,,0.0,0.0,,,5142.0,16.0,0.0,0.0,0.0,0.0,0.0,0.0,0.0,0.0,0.0,16.0,0.0,0.0,0.0,0.0,0.0,0.0,0.0,0.0,0.0,15.0,939.0,0.31116297160637885,0.0,0.0,0.0,0,0,0.0
19. Aug 2024,17. Sep 2025,Dynamische Kampagne 19.03.2023 16:44:34,13622038015,19. Mär 2023,,Beendet/Entfernt,285674479789,,,0.0,0.0,,,6839.0,13.0,0.0,2.0,2.0,0.0,0.0,0.0,0.0,0.0,0.0,10.0,3.0,0.0,0.0,0.0,0.0,0.0,0.0,0.0,0.0,9.0,1515.0,0.19008626992250327,0.0,0.0,0.0,0,1,100.0
19. Aug 2024,17. Sep 2025,Dynamische Kampagne 19.03.2023 16:44:34,13622038015,19. Mär 2023,,Beendet/Entfernt,285787739189,,,0.0,0.0,,,55625.0,62.0,12.0,2.0,14.0,19.35,85.71,100.64,6.04,16.66,0.5,60.0,2.0,12.0,0.0,100.64,0.0,6.04,0.0,20.0,0.0,30.0,13480.0,0.11146067415730336,0.09741935483870968,1.623225806451613,16.662251655629138,1,1,14.285714285714285
19. Aug 2024,17. Sep 2025,Dynamische Kampagne 19.03.2023 16:44:34,13622038015,19. Mär 2023,,Beendet/Entfernt,285963670498,,,0.0,0.0,,,0.0,0.0,0.0,0.0,0.0,0.0,0.0,0.0,0.0,0.0,0.0,0.0,0.0,0.0,0.0,0.0,0.0,0.0,0.0,0.0,0.0,9.0,9.0,0.0,0.0,0.0,0.0,0,0,0.0
19. Aug 2024,17. Sep 2025,Dynamische Kampagne 19.03.2023 16:44:34,13622038015,19. Mär 2023,,Beendet/Entfernt,285689870166,,,0.0,0.0,,,27511.0,69.0,7.0,1.0,8.0,10.14,87.5,192.5,15.4,12.5,2.2,67.0,2.0,7.0,0.0,192.5,0.0,15.4,0.0,10.45,0.0,80.0,34561.0,0.25080876740213004,0.22318840579710145,2.789855072463768,12.5,1,1,12.5
19. Aug 2024,17. Sep 2025,Dynamische Kampagne 19.03.2023 16:44:34,13622038015,19. Mär 2023,,Beendet/Entfernt,285787712709,,,0.0,0.0,,,1415998.0,2691.0,264.0,151.0,415.0,9.81,63.61,0.0,397.11,11.11,1.5,2645.0,46.0,264.0,0.0,0.0,0.0,397.11,0.0,9.98,0.0,1722.0,323123.0,0.19004264130316567,0.14756967670011148,0.0,0.0,0,1,36.385542168674704
19. Aug 2024,17. Sep 2025,Standard-Kampagne,12546691015,20. Okt 2021,,Beendet/Entfernt,284929891847,,,0.0,0.0,,,13222.0,7.0,0.0,0.0,0.0,0.0,0.0,0.0,0.0,0.0,0.0,5.0,2.0,0.0,0.0,0.0,0.0,0.0,0.0,0.0,0.0,5.0,975.0,0.052942066253214334,0.0,0.0,0.0,0,0,0.0
19. Aug 2024,17. Sep 2025,Standard-Kampagne,12546691015,20. Okt 2021,,Beendet/Entfernt,285719366294,,,0.0,0.0,,,4704.0,9.0,1.0,4.0,5.0,11.11,20.0,11.1,0.33,33.64,0.33,8.0,1.0,1.0,0.0,11.1,0.0,0.33,0.0,12.5,0.0,17.0,3360.0,0.1913265306122449,0.03666666666666667,1.2333333333333334,33.63636363636363,1,1,80.0
19. Aug 2024,17. Sep 2025,Dynamische Kampagne 19.03.2023 16:44:34,13622038015,19. Mär 2023,,Beendet/Entfernt,286276113317,,,0.0,0.0,,,7177.0,20.0,0.0,0.0,0.0,0.0,0.0,0.0,0.0,0.0,0.0,18.0,2.0,0.0,0.0,0.0,0.0,0.0,0.0,0.0,0.0,6.0,8411.0,0.2786679671171799,0.0,0.0,0.0,0,0,0.0
19. Aug 2024,17. Sep 2025,Dynamische Kampagne 19.03.2023 16:44:34,13622038015,19. Mär 2023,,Beendet/Entfernt,285689830066,,,0.0,0.0,,,6292.0,8.0,0.0,0.0,0.0,0.0,0.0,0.0,0.0,0.0,0.0,8.0,0.0,0.0,0.0,0.0,0.0,0.0,0.0,0.0,0.0,19.0,4096.0,0.12714558169103624,0.0,0.0,0.0,0,0,0.0
19. Aug 2024,17. Sep 2025,Standard-Kampagne,12546691015,20. Okt 2021,,Beendet/Entfernt,285719245521,,,0.0,0.0,,,6796.0,59.0,3.0,3.0,6.0,5.08,50.0,35.97,0.72,49.96,0.24,59.0,0.0,3.0,0.0,35.97,0.0,0.72,0.0,5.08,0.0,18.0,9071.0,0.8681577398469689,0.012203389830508475,0.6096610169491525,49.958333333333336,1,1,50.0
19. Aug 2024,17. Sep 2025,Dynamische Kampagne 19.03.2023 16:44:34,13622038015,19. Mär 2023,,Beendet/Entfernt,284793206646,,,0.0,0.0,,,2576.0,5.0,0.0,1.0,1.0,0.0,0.0,0.0,0.0,0.0,0.0,5.0,0.0,0.0,0.0,0.0,0.0,0.0,0.0,0.0,0.0,7.0,1460.0,0.19409937888198758,0.0,0.0,0.0,0,1,100.0
19. Aug 2024,17. Sep 2025,Dynamische Kampagne 19.03.2023 16:44:34,13622038015,19. Mär 2023,,Beendet/Entfernt,285674306655,,,0.0,0.0,,,4044.0,8.0,0.0,0.0,0.0,0.0,0.0,0.0,0.0,0.0,0.0,8.0,0.0,0.0,0.0,0.0,0.0,0.0,0.0,0.0,0.0,10.0,794.0,0.19782393669634024,0.0,0.0,0.0,0,0,0.0
19. Aug 2024,17. Sep 2025,Standard-Kampagne,12546691015,20. Okt 2021,,Beendet/Entfernt,284579857742,,,0.0,0.0,,,7042.0,7.0,0.0,0.0,0.0,0.0,0.0,0.0,0.0,0.0,0.0,7.0,0.0,0.0,0.0,0.0,0.0,0.0,0.0,0.0,0.0,3.0,986.0,0.09940357852882703,0.0,0.0,0.0,0,0,0.0
19. Aug 2024,17. Sep 2025,Dynamische Kampagne 19.03.2023 16:44:34,13622038015,19. Mär 2023,,Beendet/Entfernt,285689906847,,,0.0,0.0,,,6639.0,12.0,0.0,0.0,0.0,0.0,0.0,0.0,0.0,0.0,0.0,12.0,0.0,0.0,0.0,0.0,0.0,0.0,0.0,0.0,0.0,7.0,2401.0,0.18075011296882063,0.0,0.0,0.0,0,0,0.0
19. Aug 2024,17. Sep 2025,Standard-Kampagne,12546691015,20. Okt 2021,,Beendet/Entfernt,285675492415,,,0.0,0.0,,,2963.0,32.0,0.0,0.0,0.0,0.0,0.0,0.0,0.0,0.0,0.0,31.0,1.0,0.0,0.0,0.0,0.0,0.0,0.0,0.0,0.0,39.0,1193.0,1.0799865001687479,0.0,0.0,0.0,0,0,0.0
19. Aug 2024,17. Sep 2025,Dynamische Kampagne 19.03.2023 16:44:34,13622038015,19. Mär 2023,,Beendet/Entfernt,285674530069,,,0.0,0.0,,,4737.0,6.0,1.0,0.0,1.0,16.67,100.0,19.5,1.56,12.5,1.56,5.0,1.0,1.0,0.0,19.5,0.0,1.56,0.0,20.0,0.0,7.0,1290.0,0.1266624445851805,0.26,3.25,12.5,1,1,0.0
19. Aug 2024,17. Sep 2025,Dynamische Kampagne 19.03.2023 16:44:34,13622038015,19. Mär 2023,,Beendet/Entfernt,285671430787,,,0.0,0.0,,,0.0,6.0,0.0,0.0,0.0,0.0,0.0,0.0,0.0,0.0,0.0,4.0,2.0,0.0,0.0,0.0,0.0,0.0,0.0,0.0,0.0,6.0,19.0,0.0,0.0,0.0,0.0,0,0,0.0
19. Aug 2024,17. Sep 2025,Standard-Kampagne,12546691015,20. Okt 2021,,Beendet/Entfernt,284893892282,,,0.0,0.0,,,5830.0,9.0,0.0,0.0,0.0,0.0,0.0,0.0,0.0,0.0,0.0,9.0,0.0,0.0,0.0,0.0,0.0,0.0,0.0,0.0,0.0,8.0,2509.0,0.15437392795883362,0.0,0.0,0.0,0,0,0.0
19. Aug 2024,17. Sep 2025,Dynamische Kampagne 19.03.2023 16:44:34,13622038015,19. Mär 2023,,Beendet/Entfernt,286222511146,,,0.0,0.0,,,1771.0,6.0,0.0,0.0,0.0,0.0,0.0,0.0,0.0,0.0,0.0,6.0,0.0,0.0,0.0,0.0,0.0,0.0,0.0,0.0,0.0,8.0,374.0,0.33879164313946925,0.0,0.0,0.0,0,0,0.0
19. Aug 2024,17. Sep 2025,Dynamische Kampagne 19.03.2023 16:44:34,13622038015,19. Mär 2023,,Beendet/Entfernt,285674509395,,,0.0,0.0,,,10354.0,37.0,2.0,0.0,2.0,5.41,100.0,57.98,5.8,10.0,2.9,37.0,0.0,2.0,0.0,57.98,0.0,5.8,0.0,5.41,0.0,19.0,6767.0,0.3573498164960402,0.15675675675675677,1.567027027027027,9.99655172413793,1,1,0.0
19. Aug 2024,17. Sep 2025,Dynamische Kampagne 19.03.2023 16:44:34,13622038015,19. Mär 2023,,Beendet/Entfernt,286182180385,,,0.0,0.0,,,1065.0,4.0,0.0,0.0,0.0,0.0,0.0,0.0,0.0,0.0,0.0,4.0,0.0,0.0,0.0,0.0,0.0,0.0,0.0,0.0,0.0,6.0,467.0,0.3755868544600939,0.0,0.0,0.0,0,0,0.0
19. Aug 2024,17. Sep 2025,Standard-Kampagne,12546691015,20. Okt 2021,,Beendet/Entfernt,285674278650,,,0.0,0.0,,,79041.0,248.0,14.0,0.0,14.0,5.65,100.0,410.5,53.43,7.68,3.82,190.0,58.0,12.0,2.0,357.5,53.0,46.53,6.9,6.32,3.45,87.0,12990.0,0.3137612125352665,0.21544354838709678,1.655241935483871,7.682949653752574,1,1,0.0
19. Aug 2024,17. Sep 2025,Standard-Kampagne,12546691015,20. Okt 2021,,Beendet/Entfernt,285392525726,,,0.0,0.0,,,31854.0,108.0,3.0,1.0,4.0,2.78,75.0,69.5,9.94,6.99,3.31,108.0,0.0,3.0,0.0,69.5,0.0,9.94,0.0,2.78,0.0,39.0,4278.0,0.3390469014880392,0.09203703703703703,0.6435185185185185,6.99195171026157,1,1,25.0
19. Aug 2024,17. Sep 2025,Dynamische Kampagne 19.03.2023 16:44:34,13622038015,19. Mär 2023,,Beendet/Entfernt,285685452325,,,0.0,0.0,,,47727.0,93.0,3.0,1.0,4.0,3.23,75.0,119.7,7.17,16.69,2.39,90.0,3.0,3.0,0.0,119.7,0.0,7.17,0.0,3.33,0.0,73.0,8043.0,0.19485825633289333,0.07709677419354839,1.2870967741935484,16.694560669456067,1,1,25.0
19. Aug 2024,17. Sep 2025,Standard-Kampagne,12546691015,20. Okt 2021,,Beendet/Entfernt,285275322083,,,0.0,0.0,,,101875.0,256.0,0.0,0.0,0.0,0.0,0.0,0.0,0.0,0.0,0.0,247.0,9.0,0.0,0.0,0.0,0.0,0.0,0.0,0.0,0.0,215.0,32453.0,0.2512883435582822,0.0,0.0,0.0,0,0,0.0
19. Aug 2024,17. Sep 2025,Standard-Kampagne,12546691015,20. Okt 2021,,Beendet/Entfernt,284371401723,,,0.0,0.0,,,103482.0,106.0,0.0,0.0,0.0,0.0,0.0,0.0,0.0,0.0,0.0,106.0,0.0,0.0,0.0,0.0,0.0,0.0,0.0,0.0,0.0,41.0,6116.0,0.10243327341953189,0.0,0.0,0.0,0,0,0.0
19. Aug 2024,17. Sep 2025,Dynamische Kampagne 19.03.2023 16:44:34,13622038015,19. Mär 2023,,Beendet/Entfernt,285895752828,,,0.0,0.0,,,23314.0,42.0,0.0,0.0,0.0,0.0,0.0,0.0,0.0,0.0,0.0,31.0,11.0,0.0,0.0,0.0,0.0,0.0,0.0,0.0,0.0,34.0,5289.0,0.1801492665351291,0.0,0.0,0.0,0,0,0.0
19. Aug 2024,17. Sep 2025,Standard-Kampagne,12546691015,20. Okt 2021,,Beendet/Entfernt,284790322879,,,0.0,0.0,,,25552.0,86.0,11.0,0.0,11.0,12.79,100.0,169.29,16.94,9.99,1.54,85.0,1.0,11.0,0.0,169.29,0.0,16.94,0.0,12.94,0.0,35.0,9938.0,0.3365685660613651,0.19697674418604652,1.968488372093023,9.993506493506493,1,1,0.0
19. Aug 2024,17. Sep 2025,Dynamische Kampagne 19.03.2023 16:44:34,13622038015,19. Mär 2023,,Beendet/Entfernt,286276112460,,,0.0,0.0,,,5233.0,6.0,0.0,0.0,0.0,0.0,0.0,0.0,0.0,0.0,0.0,6.0,0.0,0.0,0.0,0.0,0.0,0.0,0.0,0.0,0.0,9.0,1148.0,0.11465698452130708,0.0,0.0,0.0,0,0,0.0
19. Aug 2024,17. Sep 2025,Dynamische Kampagne 19.03.2023 16:44:34,13622038015,19. Mär 2023,,Beendet/Entfernt,285819220412,,,0.0,0.0,,,182708.0,266.0,0.0,0.0,0.0,0.0,0.0,0.0,0.0,0.0,0.0,265.0,1.0,0.0,0.0,0.0,0.0,0.0,0.0,0.0,0.0,131.0,23520.0,0.1455874948004466,0.0,0.0,0.0,0,0,0.0
19. Aug 2024,17. Sep 2025,Standard-Kampagne,12546691015,20. Okt 2021,,Beendet/Entfernt,284897467630,,,0.0,0.0,,,5159.0,3.0,0.0,0.0,0.0,0.0,0.0,0.0,0.0,0.0,0.0,3.0,0.0,0.0,0.0,0.0,0.0,0.0,0.0,0.0,0.0,5.0,840.0,0.05815080441946114,0.0,0.0,0.0,0,0,0.0
19. Aug 2024,17. Sep 2025,Dynamische Kampagne 19.03.2023 16:44:34,13622038015,19. Mär 2023,,Beendet/Entfernt,284577497793,,,0.0,0.0,,,6233.0,12.0,0.0,2.0,2.0,0.0,0.0,0.0,0.0,0.0,0.0,12.0,0.0,0.0,0.0,0.0,0.0,0.0,0.0,0.0,0.0,9.0,2155.0,0.19252366436707846,0.0,0.0,0.0,0,1,100.0
19. Aug 2024,17. Sep 2025,Standard-Kampagne,12546691015,20. Okt 2021,,Beendet/Entfernt,284943411636,,,0.0,0.0,,,31793.0,23.0,0.0,3.0,3.0,0.0,0.0,0.0,0.0,0.0,0.0,23.0,0.0,0.0,0.0,0.0,0.0,0.0,0.0,0.0,0.0,39.0,14135.0,0.07234296857798886,0.0,0.0,0.0,0,1,100.0
19. Aug 2024,17. Sep 2025,Dynamische Kampagne 19.03.2023 16:44:34,13622038015,19. Mär 2023,,Beendet/Entfernt,286239434596,,,0.0,0.0,,,5468.0,43.0,1.0,1.0,2.0,2.33,50.0,58.5,6.44,9.08,6.44,43.0,0.0,1.0,0.0,58.5,0.0,6.44,0.0,2.33,0.0,33.0,1736.0,0.7863935625457206,0.14976744186046512,1.3604651162790697,9.083850931677018,1,1,50.0
19. Aug 2024,17. Sep 2025,Dynamische Kampagne 19.03.2023 16:44:34,13622038015,19. Mär 2023,,Beendet/Entfernt,286217981876,,,0.0,0.0,,,3947.0,4.0,3.0,1.0,4.0,75.0,75.0,8.97,0.96,9.34,0.32,4.0,0.0,3.0,0.0,8.97,0.0,0.96,0.0,75.0,0.0,33.0,1103.0,0.10134279199391943,0.24,2.2425,9.343750000000002,1,1,25.0
19. Aug 2024,17. Sep 2025,Standard-Kampagne,12546691015,20. Okt 2021,,Beendet/Entfernt,284942546655,,,0.0,0.0,,,154877.0,225.0,19.0,0.0,19.0,8.44,100.0,156.5,19.56,8.0,1.03,225.0,0.0,19.0,0.0,156.5,0.0,19.56,0.0,8.44,0.0,60.0,27134.0,0.1452765743138103,0.08693333333333332,0.6955555555555556,8.001022494887525,1,1,0.0
19. Aug 2024,17. Sep 2025,Standard-Kampagne,12546691015,20. Okt 2021,,Beendet/Entfernt,285175158648,,,0.0,0.0,,,222109.0,557.0,12.0,3.0,15.0,2.15,80.0,114.97,4.61,24.94,0.38,201.0,356.0,9.0,3.0,76.04,38.93,3.05,1.56,4.48,0.84,348.0,81952.0,0.2507777712744643,0.008276481149012568,0.2064093357271095,24.93926247288503,1,1,20.0
19. Aug 2024,17. Sep 2025,Standard-Kampagne,12546691015,20. Okt 2021,,Beendet/Entfernt,284794279732,,,0.0,0.0,,,22963.0,89.0,9.0,5.0,14.0,10.11,64.29,76.5,7.74,9.88,0.86,67.0,22.0,7.0,2.0,59.5,17.0,6.02,1.72,10.45,9.09,53.0,13885.0,0.38758002003222575,0.08696629213483147,0.8595505617977528,9.883720930232558,1,1,35.714285714285715
19. Aug 2024,17. Sep 2025,Dynamische Kampagne 19.03.2023 16:44:34,13622038015,19. Mär 2023,,Beendet/Entfernt,285353180266,,,0.0,0.0,,,8350.0,21.0,1.0,0.0,1.0,4.76,100.0,35.19,4.93,7.14,4.93,19.0,2.0,1.0,0.0,35.19,0.0,4.93,0.0,5.26,0.0,24.0,2253.0,0.251497005988024,0.23476190476190475,1.6757142857142857,7.137931034482759,1,1,0.0
19. Aug 2024,17. Sep 2025,Dynamische Kampagne 19.03.2023 16:44:34,13622038015,19. Mär 2023,,Beendet/Entfernt,285953204930,,,0.0,0.0,,,0.0,0.0,0.0,0.0,0.0,0.0,0.0,0.0,0.0,0.0,0.0,0.0,0.0,0.0,0.0,0.0,0.0,0.0,0.0,0.0,0.0,5.0,8.0,0.0,0.0,0.0,0.0,0,0,0.0
19. Aug 2024,17. Sep 2025,Dynamische Kampagne 19.03.2023 16:44:34,13622038015,19. Mär 2023,,Beendet/Entfernt,285897384701,,,0.0,0.0,,,11841.0,28.0,1.0,0.0,1.0,3.57,100.0,59.9,4.79,12.51,4.79,18.0,10.0,0.0,1.0,0.0,59.9,0.0,4.79,0.0,10.0,23.0,2913.0,0.23646651465247867,0.17107142857142857,2.1392857142857142,12.505219206680584,1,1,0.0
19. Aug 2024,17. Sep 2025,Dynamische Kampagne 19.03.2023 16:44:34,13622038015,19. Mär 2023,,Beendet/Entfernt,284922341484,,,0.0,0.0,,,1860.0,3.0,0.0,0.0,0.0,0.0,0.0,0.0,0.0,0.0,0.0,3.0,0.0,0.0,0.0,0.0,0.0,0.0,0.0,0.0,0.0,2.0,827.0,0.16129032258064516,0.0,0.0,0.0,0,0,0.0
19. Aug 2024,17. Sep 2025,Dynamische Kampagne 19.03.2023 16:44:34,13622038015,19. Mär 2023,,Beendet/Entfernt,285674519713,,,0.0,0.0,,,983.0,5.0,1.0,0.0,1.0,20.0,100.0,48.9,3.91,12.51,3.91,2.0,3.0,0.0,1.0,0.0,48.9,0.0,3.91,0.0,33.33,1.0,539.0,0.508646998982706,0.782,9.78,12.506393861892583,1,1,0.0
19. Aug 2024,17. Sep 2025,Dynamische Kampagne 19.03.2023 16:44:34,13622038015,19. Mär 2023,,Beendet/Entfernt,285896403214,,,0.0,0.0,,,9095.0,44.0,0.0,4.0,4.0,0.0,0.0,0.0,0.0,0.0,0.0,36.0,8.0,0.0,0.0,0.0,0.0,0.0,0.0,0.0,0.0,62.0,4099.0,0.4837822979659154,0.0,0.0,0.0,0,1,100.0
19. Aug 2024,17. Sep 2025,Dynamische Kampagne 19.03.2023 16:44:34,13622038015,19. Mär 2023,,Beendet/Entfernt,285829616413,,,0.0,0.0,,,57278.0,123.0,0.0,2.0,2.0,0.0,0.0,0.0,0.0,0.0,0.0,111.0,12.0,0.0,0.0,0.0,0.0,0.0,0.0,0.0,0.0,84.0,13313.0,0.21474213485107718,0.0,0.0,0.0,0,1,100.0
19. Aug 2024,17. Sep 2025,Standard-Kampagne,12546691015,20. Okt 2021,,Beendet/Entfernt,284579862937,,,0.0,0.0,,,4696.0,10.0,3.0,3.0,6.0,30.0,50.0,28.97,2.9,9.99,0.97,8.0,2.0,2.0,1.0,18.98,9.99,1.9,1.0,25.0,50.0,26.0,2834.0,0.21294718909710392,0.29,2.897,9.989655172413793,1,1,50.0
19. Aug 2024,17. Sep 2025,Standard-Kampagne,12546691015,20. Okt 2021,,Beendet/Entfernt,284496158218,,,0.0,0.0,,,22398.0,36.0,0.0,0.0,0.0,0.0,0.0,0.0,0.0,0.0,0.0,35.0,1.0,0.0,0.0,0.0,0.0,0.0,0.0,0.0,0.0,11.0,1805.0,0.16072863648540048,0.0,0.0,0.0,0,0,0.0
19. Aug 2024,17. Sep 2025,Dynamische Kampagne 19.03.2023 16:44:34,13622038015,19. Mär 2023,,Beendet/Entfernt,284942946923,,,0.0,0.0,,,0.0,0.0,0.0,0.0,0.0,0.0,0.0,0.0,0.0,0.0,0.0,0.0,0.0,0.0,0.0,0.0,0.0,0.0,0.0,0.0,0.0,15.0,55.0,0.0,0.0,0.0,0.0,0,0,0.0
19. Aug 2024,17. Sep 2025,Standard-Kampagne,12546691015,20. Okt 2021,,Beendet/Entfernt,285360622039,,,0.0,0.0,,,35701.0,36.0,1.0,0.0,1.0,2.78,100.0,25.0,1.25,20.0,1.25,33.0,3.0,1.0,0.0,25.0,0.0,1.25,0.0,3.03,0.0,56.0,17309.0,0.10083751155429821,0.034722222222222224,0.6944444444444444,20.0,1,1,0.0
19. Aug 2024,17. Sep 2025,Dynamische Kampagne 19.03.2023 16:44:34,13622038015,19. Mär 2023,,Beendet/Entfernt,286288601073,,,0.0,0.0,,,256.0,1.0,0.0,0.0,0.0,0.0,0.0,0.0,0.0,0.0,0.0,1.0,0.0,0.0,0.0,0.0,0.0,0.0,0.0,0.0,0.0,0.0,82.0,0.390625,0.0,0.0,0.0,0,0,0.0
19. Aug 2024,17. Sep 2025,Dynamische Kampagne 19.03.2023 16:44:34,13622038015,19. Mär 2023,,Beendet/Entfernt,285919666843,,,0.0,0.0,,,7097.0,24.0,0.0,0.0,0.0,0.0,0.0,0.0,0.0,0.0,0.0,18.0,6.0,0.0,0.0,0.0,0.0,0.0,0.0,0.0,0.0,4.0,2079.0,0.33817105819360294,0.0,0.0,0.0,0,0,0.0
19. Aug 2024,17. Sep 2025,Standard-Kampagne,12546691015,20. Okt 2021,,Beendet/Entfernt,284922335801,,,0.0,0.0,,,31388.0,49.0,3.0,1.0,4.0,6.12,75.0,59.97,6.3,9.52,2.1,47.0,2.0,3.0,0.0,59.97,0.0,6.3,0.0,6.38,0.0,27.0,6453.0,0.15611061552185548,0.12857142857142856,1.223877551020408,9.519047619047619,1,1,25.0
19. Aug 2024,17. Sep 2025,Standard-Kampagne,12546691015,20. Okt 2021,,Beendet/Entfernt,286088476233,,,0.0,0.0,,,0.0,0.0,0.0,4.0,4.0,0.0,0.0,0.0,0.0,0.0,0.0,0.0,0.0,0.0,0.0,0.0,0.0,0.0,0.0,0.0,0.0,0.0,0.0,0.0,0.0,0.0,0.0,0,1,100.0
19. Aug 2024,17. Sep 2025,Standard-Kampagne,12546691015,20. Okt 2021,,Beendet/Entfernt,285392559746,,,0.0,0.0,,,140306.0,447.0,2.0,0.0,2.0,0.45,100.0,34.0,5.54,6.14,2.77,434.0,13.0,2.0,0.0,34.0,0.0,5.54,0.0,0.46,0.0,108.0,66618.0,0.318589368950722,0.012393736017897092,0.07606263982102908,6.137184115523466,1,1,0.0
19. Aug 2024,17. Sep 2025,Dynamische Kampagne 19.03.2023 16:44:34,13622038015,19. Mär 2023,,Beendet/Entfernt,285951041567,,,0.0,0.0,,,58429.0,287.0,2.0,4.0,6.0,0.7,33.33,719.98,64.8,11.11,32.4,283.0,4.0,2.0,0.0,719.98,0.0,64.8,0.0,0.71,0.0,123.0,12470.0,0.4911944411165688,0.22578397212543552,2.5086411149825785,11.110802469135804,1,1,66.66666666666666
19. Aug 2024,17. Sep 2025,Standard-Kampagne,12546691015,20. Okt 2021,,Beendet/Entfernt,285768694429,,,0.0,0.0,,,285376.0,599.0,135.0,28.0,163.0,22.54,82.82,0.0,139.1,9.09,1.03,593.0,6.0,134.0,1.0,0.0,9.99,138.0,1.1,22.6,16.67,400.0,77200.0,0.20989851984749947,0.232220367278798,0.0,0.0,0,1,17.177914110429448
19. Aug 2024,17. Sep 2025,Standard-Kampagne,12546691015,20. Okt 2021,,Beendet/Entfernt,285392576731,,,0.0,0.0,,,920.0,3.0,0.0,0.0,0.0,0.0,0.0,0.0,0.0,0.0,0.0,3.0,0.0,0.0,0.0,0.0,0.0,0.0,0.0,0.0,0.0,10.0,827.0,0.32608695652173914,0.0,0.0,0.0,0,0,0.0
19. Aug 2024,17. Sep 2025,Dynamische Kampagne 19.03.2023 16:44:34,13622038015,19. Mär 2023,,Beendet/Entfernt,285392525726,,,0.0,0.0,,,0.0,0.0,0.0,0.0,0.0,0.0,0.0,0.0,0.0,0.0,0.0,0.0,0.0,0.0,0.0,0.0,0.0,0.0,0.0,0.0,0.0,0.0,0.0,0.0,0.0,0.0,0.0,0,0,0.0
19. Aug 2024,17. Sep 2025,Dynamische Kampagne 19.03.2023 16:44:34,13622038015,19. Mär 2023,,Beendet/Entfernt,285001466615,,,0.0,0.0,,,15943.0,13.0,1.0,2.0,3.0,7.69,33.33,10.45,0.73,14.32,0.73,13.0,0.0,1.0,0.0,10.45,0.0,0.73,0.0,7.69,0.0,12.0,7170.0,0.08154048798845888,0.05615384615384615,0.8038461538461538,14.315068493150685,1,1,66.66666666666666
19. Aug 2024,17. Sep 2025,Standard-Kampagne,12546691015,20. Okt 2021,,Beendet/Entfernt,285425450110,,,0.0,0.0,,,0.0,0.0,0.0,0.0,0.0,0.0,0.0,0.0,0.0,0.0,0.0,0.0,0.0,0.0,0.0,0.0,0.0,0.0,0.0,0.0,0.0,0.0,1.0,0.0,0.0,0.0,0.0,0,0,0.0
19. Aug 2024,17. Sep 2025,Standard-Kampagne,12546691015,20. Okt 2021,,Beendet/Entfernt,286012325225,,,0.0,0.0,,,19556.0,57.0,0.0,1.0,1.0,0.0,0.0,0.0,0.0,0.0,0.0,57.0,0.0,0.0,0.0,0.0,0.0,0.0,0.0,0.0,0.0,85.0,7349.0,0.29147064839435466,0.0,0.0,0.0,0,1,100.0
19. Aug 2024,17. Sep 2025,Standard-Kampagne,12546691015,20. Okt 2021,,Beendet/Entfernt,285409286669,,,0.0,0.0,,,4207.0,23.0,0.0,0.0,0.0,0.0,0.0,0.0,0.0,0.0,0.0,14.0,9.0,0.0,0.0,0.0,0.0,0.0,0.0,0.0,0.0,36.0,676.0,0.5467078678393155,0.0,0.0,0.0,0,0,0.0
19. Aug 2024,17. Sep 2025,Dynamische Kampagne 19.03.2023 16:44:34,13622038015,19. Mär 2023,,Beendet/Entfernt,286264007460,,,0.0,0.0,,,0.0,0.0,0.0,0.0,0.0,0.0,0.0,0.0,0.0,0.0,0.0,0.0,0.0,0.0,0.0,0.0,0.0,0.0,0.0,0.0,0.0,0.0,6.0,0.0,0.0,0.0,0.0,0,0,0.0
19. Aug 2024,17. Sep 2025,Standard-Kampagne,12546691015,20. Okt 2021,,Beendet/Entfernt,284577497914,,,0.0,0.0,,,10117.0,7.0,0.0,0.0,0.0,0.0,0.0,0.0,0.0,0.0,0.0,7.0,0.0,0.0,0.0,0.0,0.0,0.0,0.0,0.0,0.0,13.0,3197.0,0.0691904714836414,0.0,0.0,0.0,0,0,0.0
19. Aug 2024,17. Sep 2025,Dynamische Kampagne 19.03.2023 16:44:34,13622038015,19. Mär 2023,,Beendet/Entfernt,286276111590,,,0.0,0.0,,,2463.0,4.0,0.0,0.0,0.0,0.0,0.0,0.0,0.0,0.0,0.0,4.0,0.0,0.0,0.0,0.0,0.0,0.0,0.0,0.0,0.0,4.0,466.0,0.16240357287860333,0.0,0.0,0.0,0,0,0.0
19. Aug 2024,17. Sep 2025,Dynamische Kampagne 19.03.2023 16:44:34,13622038015,19. Mär 2023,,Beendet/Entfernt,285266175640,,,0.0,0.0,,,160502.0,143.0,0.0,0.0,0.0,0.0,0.0,0.0,0.0,0.0,0.0,139.0,4.0,0.0,0.0,0.0,0.0,0.0,0.0,0.0,0.0,132.0,14613.0,0.08909546298488492,0.0,0.0,0.0,0,0,0.0
19. Aug 2024,17. Sep 2025,Standard-Kampagne,12546691015,20. Okt 2021,,Beendet/Entfernt,286088624097,,,0.0,0.0,,,47141.0,222.0,15.0,0.0,15.0,6.76,100.0,385.25,45.53,8.46,3.04,221.0,1.0,15.0,0.0,385.25,0.0,45.53,0.0,6.79,0.0,165.0,28708.0,0.4709276426041025,0.2050900900900901,1.7353603603603605,8.461453986382605,1,1,0.0
19. Aug 2024,17. Sep 2025,Dynamische Kampagne 19.03.2023 16:44:34,13622038015,19. Mär 2023,,Beendet/Entfernt,285671401932,,,0.0,0.0,,,70523.0,363.0,28.0,2.0,30.0,7.71,93.33,537.22,63.57,8.45,2.27,244.0,119.0,22.0,6.0,426.28,110.94,50.25,13.32,9.02,5.04,180.0,20259.0,0.5147256923273258,0.17512396694214877,1.4799449035812673,8.450841591945887,1,1,6.666666666666667
19. Aug 2024,17. Sep 2025,Standard-Kampagne,12546691015,20. Okt 2021,,Beendet/Entfernt,284800767572,,,0.0,0.0,,,5323.0,11.0,0.0,0.0,0.0,0.0,0.0,0.0,0.0,0.0,0.0,10.0,1.0,0.0,0.0,0.0,0.0,0.0,0.0,0.0,0.0,96.0,2481.0,0.20665038512117226,0.0,0.0,0.0,0,0,0.0
19. Aug 2024,17. Sep 2025,Dynamische Kampagne 19.03.2023 16:44:34,13622038015,19. Mär 2023,,Beendet/Entfernt,286288598246,,,0.0,0.0,,,602.0,3.0,0.0,0.0,0.0,0.0,0.0,0.0,0.0,0.0,0.0,3.0,0.0,0.0,0.0,0.0,0.0,0.0,0.0,0.0,0.0,8.0,266.0,0.4983388704318937,0.0,0.0,0.0,0,0,0.0
19. Aug 2024,17. Sep 2025,Dynamische Kampagne 19.03.2023 16:44:34,13622038015,19. Mär 2023,,Beendet/Entfernt,285895738483,,,0.0,0.0,,,24563.0,134.0,17.0,6.0,23.0,12.69,73.91,349.2,24.4,14.31,1.44,96.0,38.0,11.0,6.0,229.8,119.4,16.06,8.34,11.46,15.79,91.0,11215.0,0.5455359687334609,0.18208955223880596,2.6059701492537313,14.311475409836065,1,1,26.08695652173913
19. Aug 2024,17. Sep 2025,Dynamische Kampagne 19.03.2023 16:44:34,13622038015,19. Mär 2023,,Beendet/Entfernt,286228648770,,,0.0,0.0,,,11610.0,3.0,0.0,1.0,1.0,0.0,0.0,0.0,0.0,0.0,0.0,3.0,0.0,0.0,0.0,0.0,0.0,0.0,0.0,0.0,0.0,85.0,1315.0,0.025839793281653745,0.0,0.0,0.0,0,1,100.0
19. Aug 2024,17. Sep 2025,Dynamische Kampagne 19.03.2023 16:44:34,13622038015,19. Mär 2023,,Beendet/Entfernt,285897394909,,,0.0,0.0,,,18353.0,41.0,0.0,0.0,0.0,0.0,0.0,0.0,0.0,0.0,0.0,32.0,9.0,0.0,0.0,0.0,0.0,0.0,0.0,0.0,0.0,28.0,5505.0,0.22339671988230808,0.0,0.0,0.0,0,0,0.0
19. Aug 2024,17. Sep 2025,Dynamische Kampagne 19.03.2023 16:44:34,13622038015,19. Mär 2023,,Beendet/Entfernt,284947790125,,,0.0,0.0,,,18664.0,46.0,6.0,4.0,10.0,13.04,60.0,50.26,3.5,14.36,0.58,41.0,5.0,6.0,0.0,50.26,0.0,3.5,0.0,14.63,0.0,20.0,6962.0,0.24646378054007717,0.07608695652173914,1.092608695652174,14.36,1,1,40.0
19. Aug 2024,17. Sep 2025,Standard-Kampagne,12546691015,20. Okt 2021,,Beendet/Entfernt,284579838732,,,0.0,0.0,,,15063.0,27.0,2.0,1.0,3.0,7.41,66.67,13.98,1.26,11.1,0.63,24.0,3.0,2.0,0.0,13.98,0.0,1.26,0.0,8.33,0.0,7.0,5386.0,0.17924716191993628,0.04666666666666667,0.5177777777777778,11.095238095238095,1,1,33.33333333333333
19. Aug 2024,17. Sep 2025,Standard-Kampagne,12546691015,20. Okt 2021,,Beendet/Entfernt,285192901905,,,0.0,0.0,,,1106682.0,1079.0,5.0,2.0,7.0,0.46,71.43,304.36,24.35,12.5,4.87,957.0,122.0,5.0,0.0,304.36,0.0,24.35,0.0,0.52,0.0,388.0,169935.0,0.09749864911510263,0.02256719184430028,0.2820759962928638,12.499383983572896,1,1,28.57142857142857
19. Aug 2024,17. Sep 2025,Standard-Kampagne,12546691015,20. Okt 2021,,Beendet/Entfernt,284943407963,,,0.0,0.0,,,5753.0,4.0,1.0,0.0,1.0,25.0,100.0,71.99,8.64,8.33,8.64,4.0,0.0,1.0,0.0,71.99,0.0,8.64,0.0,25.0,0.0,7.0,1806.0,0.06952894142186686,2.16,17.9975,8.332175925925926,1,1,0.0
19. Aug 2024,17. Sep 2025,Dynamische Kampagne 19.03.2023 16:44:34,13622038015,19. Mär 2023,,Beendet/Entfernt,285671397095,,,0.0,0.0,,,8139.0,24.0,1.0,1.0,2.0,4.17,50.0,14.89,1.49,9.99,1.49,24.0,0.0,1.0,0.0,14.89,0.0,1.49,0.0,4.17,0.0,31.0,2635.0,0.2948765204570586,0.06208333333333333,0.6204166666666667,9.993288590604028,1,1,50.0
19. Aug 2024,17. Sep 2025,Dynamische Kampagne 19.03.2023 16:44:34,13622038015,19. Mär 2023,,Beendet/Entfernt,286269709052,,,0.0,0.0,,,4663.0,11.0,0.0,0.0,0.0,0.0,0.0,0.0,0.0,0.0,0.0,10.0,1.0,0.0,0.0,0.0,0.0,0.0,0.0,0.0,0.0,32.0,673.0,0.23589963542783618,0.0,0.0,0.0,0,0,0.0
19. Aug 2024,17. Sep 2025,Dynamische Kampagne 19.03.2023 16:44:34,13622038015,19. Mär 2023,,Beendet/Entfernt,285939472289,,,0.0,0.0,,,0.0,0.0,0.0,0.0,0.0,0.0,0.0,0.0,0.0,0.0,0.0,0.0,0.0,0.0,0.0,0.0,0.0,0.0,0.0,0.0,0.0,7.0,27.0,0.0,0.0,0.0,0.0,0,0,0.0
19. Aug 2024,17. Sep 2025,Standard-Kampagne,12546691015,20. Okt 2021,,Beendet/Entfernt,285766207812,,,0.0,0.0,,,26997.0,60.0,7.0,5.0,12.0,11.67,58.33,138.95,11.1,12.52,1.59,58.0,2.0,7.0,0.0,138.95,0.0,11.1,0.0,12.07,0.0,106.0,10969.0,0.22224691632403598,0.185,2.315833333333333,12.518018018018017,1,1,41.66666666666667
19. Aug 2024,17. Sep 2025,Standard-Kampagne,12546691015,20. Okt 2021,,Beendet/Entfernt,284495238428,,,0.0,0.0,,,4811.0,14.0,0.0,0.0,0.0,0.0,0.0,0.0,0.0,0.0,0.0,14.0,0.0,0.0,0.0,0.0,0.0,0.0,0.0,0.0,0.0,12.0,1898.0,0.2909997921430056,0.0,0.0,0.0,0,0,0.0
19. Aug 2024,17. Sep 2025,Dynamische Kampagne 19.03.2023 16:44:34,13622038015,19. Mär 2023,,Beendet/Entfernt,285927338927,,,0.0,0.0,,,144812.0,363.0,4.0,1.0,5.0,1.1,80.0,400.9,36.88,10.87,9.22,356.0,7.0,4.0,0.0,400.9,0.0,36.88,0.0,1.12,0.0,177.0,28658.0,0.25066983399165815,0.1015977961432507,1.1044077134986225,10.870390455531451,1,1,20.0
19. Aug 2024,17. Sep 2025,Dynamische Kampagne 19.03.2023 16:44:34,13622038015,19. Mär 2023,,Beendet/Entfernt,285685430604,,,0.0,0.0,,,52099.0,479.0,110.0,18.0,128.0,22.96,85.94,0.0,260.66,12.5,2.37,347.0,132.0,82.0,28.0,0.0,826.36,194.57,66.09,23.63,21.21,174.0,58732.0,0.919403443444212,0.5441753653444676,0.0,0.0,0,1,14.0625
19. Aug 2024,17. Sep 2025,Dynamische Kampagne 19.03.2023 16:44:34,13622038015,19. Mär 2023,,Beendet/Entfernt,285405038387,,,0.0,0.0,,,0.0,0.0,0.0,0.0,0.0,0.0,0.0,0.0,0.0,0.0,0.0,0.0,0.0,0.0,0.0,0.0,0.0,0.0,0.0,0.0,0.0,0.0,0.0,0.0,0.0,0.0,0.0,0,0,0.0
19. Aug 2024,17. Sep 2025,Dynamische Kampagne 19.03.2023 16:44:34,13622038015,19. Mär 2023,,Beendet/Entfernt,284794259185,,,0.0,0.0,,,103820.0,293.0,23.0,3.0,26.0,7.85,88.46,251.67,17.63,14.28,0.77,291.0,2.0,23.0,0.0,251.67,0.0,17.63,0.0,7.9,0.0,190.0,85984.0,0.2822192255827393,0.06017064846416382,0.8589419795221842,14.275099262620532,1,1,11.538461538461538
19. Aug 2024,17. Sep 2025,Standard-Kampagne,12546691015,20. Okt 2021,,Beendet/Entfernt,285369564426,,,0.0,0.0,,,49964.0,153.0,5.0,3.0,8.0,3.27,62.5,781.36,70.34,11.11,14.07,149.0,4.0,5.0,0.0,781.36,0.0,70.34,0.0,3.36,0.0,116.0,10344.0,0.30622047874469616,0.45973856209150327,5.1069281045751636,11.108330963889678,1,1,37.5
19. Aug 2024,17. Sep 2025,Standard-Kampagne,12546691015,20. Okt 2021,,Beendet/Entfernt,285032407750,,,0.0,0.0,,,0.0,0.0,0.0,0.0,0.0,0.0,0.0,0.0,0.0,0.0,0.0,0.0,0.0,0.0,0.0,0.0,0.0,0.0,0.0,0.0,0.0,0.0,0.0,0.0,0.0,0.0,0.0,0,0,0.0
19. Aug 2024,17. Sep 2025,Standard-Kampagne,12546691015,20. Okt 2021,,Beendet/Entfernt,285741276004,,,0.0,0.0,,,593022.0,10269.0,2.0,0.0,2.0,0.02,100.0,0.0,264.32,8.33,132.16,4645.0,5624.0,1.0,1.0,766.46,0.0,91.98,172.34,0.02,0.02,6446.0,270682.0,1.7316389611177998,0.025739604635310154,0.0,0.0,0,1,0.0
19. Aug 2024,17. Sep 2025,Standard-Kampagne,12546691015,20. Okt 2021,,Beendet/Entfernt,285280049703,,,0.0,0.0,,,10284.0,33.0,0.0,1.0,1.0,0.0,0.0,0.0,0.0,0.0,0.0,25.0,8.0,0.0,0.0,0.0,0.0,0.0,0.0,0.0,0.0,45.0,6252.0,0.3208868144690782,0.0,0.0,0.0,0,1,100.0
19. Aug 2024,17. Sep 2025,Standard-Kampagne,12546691015,20. Okt 2021,,Beendet/Entfernt,285677554375,,,0.0,0.0,,,58906.0,203.0,0.0,0.0,0.0,0.0,0.0,0.0,0.0,0.0,0.0,188.0,15.0,0.0,0.0,0.0,0.0,0.0,0.0,0.0,0.0,58.0,5657.0,0.34461684718025326,0.0,0.0,0.0,0,0,0.0
19. Aug 2024,17. Sep 2025,Dynamische Kampagne 19.03.2023 16:44:34,13622038015,19. Mär 2023,,Beendet/Entfernt,286276114096,,,0.0,0.0,,,6718.0,12.0,0.0,0.0,0.0,0.0,0.0,0.0,0.0,0.0,0.0,12.0,0.0,0.0,0.0,0.0,0.0,0.0,0.0,0.0,0.0,11.0,6571.0,0.17862459065197975,0.0,0.0,0.0,0,0,0.0
19. Aug 2024,17. Sep 2025,Dynamische Kampagne 19.03.2023 16:44:34,13622038015,19. Mär 2023,,Beendet/Entfernt,286300850118,,,0.0,0.0,,,87.0,0.0,0.0,0.0,0.0,0.0,0.0,0.0,0.0,0.0,0.0,0.0,0.0,0.0,0.0,0.0,0.0,0.0,0.0,0.0,0.0,0.0,23.0,0.0,0.0,0.0,0.0,0,0,0.0
19. Aug 2024,17. Sep 2025,Dynamische Kampagne 19.03.2023 16:44:34,13622038015,19. Mär 2023,,Beendet/Entfernt,285927353860,,,0.0,0.0,,,10127.0,60.0,0.0,0.0,0.0,0.0,0.0,0.0,0.0,0.0,0.0,55.0,5.0,0.0,0.0,0.0,0.0,0.0,0.0,0.0,0.0,65.0,4237.0,0.5924755603831342,0.0,0.0,0.0,0,0,0.0
19. Aug 2024,17. Sep 2025,Dynamische Kampagne 19.03.2023 16:44:34,13622038015,19. Mär 2023,,Beendet/Entfernt,286456165335,,,0.0,0.0,,,633.0,0.0,0.0,0.0,0.0,0.0,0.0,0.0,0.0,0.0,0.0,0.0,0.0,0.0,0.0,0.0,0.0,0.0,0.0,0.0,0.0,5.0,72.0,0.0,0.0,0.0,0.0,0,0,0.0
19. Aug 2024,17. Sep 2025,Dynamische Kampagne 19.03.2023 16:44:34,13622038015,19. Mär 2023,,Beendet/Entfernt,285122536848,,,0.0,0.0,,,6269.0,20.0,0.0,1.0,1.0,0.0,0.0,0.0,0.0,0.0,0.0,18.0,2.0,0.0,0.0,0.0,0.0,0.0,0.0,0.0,0.0,7.0,1291.0,0.319030148349019,0.0,0.0,0.0,0,1,100.0
19. Aug 2024,17. Sep 2025,Dynamische Kampagne 19.03.2023 16:44:34,13622038015,19. Mär 2023,,Beendet/Entfernt,285685353911,,,0.0,0.0,,,3824.0,7.0,0.0,0.0,0.0,0.0,0.0,0.0,0.0,0.0,0.0,7.0,0.0,0.0,0.0,0.0,0.0,0.0,0.0,0.0,0.0,7.0,2020.0,0.18305439330543932,0.0,0.0,0.0,0,0,0.0
19. Aug 2024,17. Sep 2025,Standard-Kampagne,12546691015,20. Okt 2021,,Beendet/Entfernt,284919700475,,,0.0,0.0,,,1263.0,2.0,0.0,0.0,0.0,0.0,0.0,0.0,0.0,0.0,0.0,2.0,0.0,0.0,0.0,0.0,0.0,0.0,0.0,0.0,0.0,3.0,1624.0,0.1583531274742676,0.0,0.0,0.0,0,0,0.0
19. Aug 2024,17. Sep 2025,Standard-Kampagne,12546691015,20. Okt 2021,,Beendet/Entfernt,285444382454,,,0.0,0.0,,,28391.0,40.0,0.0,3.0,3.0,0.0,0.0,0.0,0.0,0.0,0.0,35.0,5.0,0.0,0.0,0.0,0.0,0.0,0.0,0.0,0.0,88.0,14573.0,0.14088971857278715,0.0,0.0,0.0,0,1,100.0
19. Aug 2024,17. Sep 2025,Dynamische Kampagne 19.03.2023 16:44:34,13622038015,19. Mär 2023,,Beendet/Entfernt,285919649821,,,0.0,0.0,,,5553.0,27.0,0.0,0.0,0.0,0.0,0.0,0.0,0.0,0.0,0.0,26.0,1.0,0.0,0.0,0.0,0.0,0.0,0.0,0.0,0.0,23.0,1302.0,0.48622366288492713,0.0,0.0,0.0,0,0,0.0
19. Aug 2024,17. Sep 2025,Standard-Kampagne,12546691015,20. Okt 2021,,Beendet/Entfernt,286088500539,,,0.0,0.0,,,97560.0,358.0,15.0,4.0,19.0,4.19,78.95,398.9,35.94,11.1,2.4,354.0,4.0,15.0,0.0,398.9,0.0,35.94,0.0,4.24,0.0,279.0,62161.0,0.3669536695366954,0.10039106145251396,1.1142458100558659,11.099053978853645,1,1,21.052631578947366
19. Aug 2024,17. Sep 2025,Dynamische Kampagne 19.03.2023 16:44:34,13622038015,19. Mär 2023,,Beendet/Entfernt,285846355141,,,0.0,0.0,,,0.0,0.0,0.0,0.0,0.0,0.0,0.0,0.0,0.0,0.0,0.0,0.0,0.0,0.0,0.0,0.0,0.0,0.0,0.0,0.0,0.0,16.0,45.0,0.0,0.0,0.0,0.0,0,0,0.0
19. Aug 2024,17. Sep 2025,Dynamische Kampagne 19.03.2023 16:44:34,13622038015,19. Mär 2023,,Beendet/Entfernt,284918617441,,,0.0,0.0,,,7326.0,26.0,3.0,2.0,5.0,11.54,60.0,51.59,3.61,14.29,1.2,26.0,0.0,3.0,0.0,51.59,0.0,3.61,0.0,11.54,0.0,24.0,5503.0,0.3549003549003549,0.13884615384615384,1.9842307692307695,14.290858725761774,1,1,40.0
19. Aug 2024,17. Sep 2025,Standard-Kampagne,12546691015,20. Okt 2021,,Beendet/Entfernt,285156463888,,,0.0,0.0,,,108819.0,264.0,41.0,21.0,62.0,15.53,66.13,260.35,13.95,18.66,0.34,263.0,1.0,41.0,0.0,260.35,0.0,13.95,0.0,15.59,0.0,262.0,127975.0,0.2426046921952968,0.05284090909090909,0.9861742424242426,18.66308243727599,1,1,33.87096774193548
19. Aug 2024,17. Sep 2025,Standard-Kampagne,12546691015,20. Okt 2021,,Beendet/Entfernt,285549706215,,,0.0,0.0,,,69866.0,222.0,7.0,1.0,8.0,3.15,87.5,590.75,70.89,8.33,10.13,219.0,3.0,7.0,0.0,590.75,0.0,70.89,0.0,3.2,0.0,67.0,17334.0,0.3177511235794235,0.31932432432432434,2.661036036036036,8.333333333333334,1,1,12.5
19. Aug 2024,17. Sep 2025,Standard-Kampagne,12546691015,20. Okt 2021,,Beendet/Entfernt,284495254085,,,0.0,0.0,,,12632.0,45.0,4.0,5.0,9.0,8.89,44.44,12.7,1.29,9.84,0.32,42.0,3.0,4.0,0.0,12.7,0.0,1.29,0.0,9.52,0.0,54.0,11356.0,0.35623812539582017,0.028666666666666667,0.2822222222222222,9.844961240310077,1,1,55.55555555555556
19. Aug 2024,17. Sep 2025,Dynamische Kampagne 19.03.2023 16:44:34,13622038015,19. Mär 2023,,Beendet/Entfernt,285689848322,,,0.0,0.0,,,57088.0,153.0,15.0,1.0,16.0,9.8,93.75,337.5,27.0,12.5,1.8,107.0,46.0,7.0,8.0,157.5,180.0,12.6,14.4,6.54,17.39,76.0,36120.0,0.2680072869955157,0.17647058823529413,2.2058823529411766,12.5,1,1,6.25
19. Aug 2024,17. Sep 2025,Standard-Kampagne,12546691015,20. Okt 2021,,Beendet/Entfernt,284897470386,,,0.0,0.0,,,2752.0,11.0,0.0,0.0,0.0,0.0,0.0,0.0,0.0,0.0,0.0,11.0,0.0,0.0,0.0,0.0,0.0,0.0,0.0,0.0,0.0,11.0,1640.0,0.39970930232558144,0.0,0.0,0.0,0,0,0.0
19. Aug 2024,17. Sep 2025,Dynamische Kampagne 19.03.2023 16:44:34,13622038015,19. Mär 2023,,Beendet/Entfernt,286228874877,,,0.0,0.0,,,5923.0,8.0,0.0,0.0,0.0,0.0,0.0,0.0,0.0,0.0,0.0,8.0,0.0,0.0,0.0,0.0,0.0,0.0,0.0,0.0,0.0,30.0,1837.0,0.13506668917778153,0.0,0.0,0.0,0,0,0.0
19. Aug 2024,17. Sep 2025,Standard-Kampagne,12546691015,20. Okt 2021,,Beendet/Entfernt,284365523520,,,0.0,0.0,,,109828.0,100.0,0.0,7.0,7.0,0.0,0.0,0.0,0.0,0.0,0.0,100.0,0.0,0.0,0.0,0.0,0.0,0.0,0.0,0.0,0.0,35.0,7595.0,0.09105146228648432,0.0,0.0,0.0,0,1,100.0
19. Aug 2024,17. Sep 2025,Dynamische Kampagne 19.03.2023 16:44:34,13622038015,19. Mär 2023,,Beendet/Entfernt,285674152468,,,0.0,0.0,,,73815.0,580.0,31.0,7.0,38.0,5.34,81.58,680.9,65.45,10.4,2.11,273.0,307.0,20.0,11.0,438.9,242.0,43.89,21.56,7.33,3.58,216.0,44443.0,0.7857481541692067,0.1128448275862069,1.1739655172413792,10.403361344537814,1,1,18.421052631578945
19. Aug 2024,17. Sep 2025,Dynamische Kampagne 19.03.2023 16:44:34,13622038015,19. Mär 2023,,Beendet/Entfernt,285895733796,,,0.0,0.0,,,0.0,0.0,0.0,0.0,0.0,0.0,0.0,0.0,0.0,0.0,0.0,0.0,0.0,0.0,0.0,0.0,0.0,0.0,0.0,0.0,0.0,18.0,18.0,0.0,0.0,0.0,0.0,0,0,0.0
19. Aug 2024,17. Sep 2025,Standard-Kampagne,12546691015,20. Okt 2021,,Beendet/Entfernt,285688246891,,,0.0,0.0,,,0.0,0.0,0.0,0.0,0.0,0.0,0.0,0.0,0.0,0.0,0.0,0.0,0.0,0.0,0.0,0.0,0.0,0.0,0.0,0.0,0.0,0.0,0.0,0.0,0.0,0.0,0.0,0,0,0.0
19. Aug 2024,17. Sep 2025,Standard-Kampagne,12546691015,20. Okt 2021,,Beendet/Entfernt,285768667434,,,0.0,0.0,,,421776.0,647.0,76.0,26.0,102.0,11.75,74.51,0.0,110.06,10.0,1.45,628.0,19.0,76.0,0.0,0.0,0.0,110.06,0.0,12.1,0.0,314.0,103299.0,0.15339896058571373,0.1701081916537867,0.0,0.0,0,1,25.49019607843137
19. Aug 2024,17. Sep 2025,Standard-Kampagne,12546691015,20. Okt 2021,,Beendet/Entfernt,285674134398,,,0.0,0.0,,,10307.0,36.0,3.0,0.0,3.0,8.33,100.0,125.75,11.95,10.52,3.98,35.0,1.0,3.0,0.0,125.75,0.0,11.95,0.0,8.57,0.0,25.0,2822.0,0.34927719025904724,0.33194444444444443,3.4930555555555554,10.523012552301255,1,1,0.0
